{
  "minifier": {
    "name": "standard-minifier-js",
    "version": "2.4.0"
  },
  "totalMinifiedBytes": 670815,
  "totalMinifiedGzipBytes": 184940,
  "minifiedBytesByPackage": {
    "packages/meteor.js": 9484,
    "packages/meteor-base.js": 31,
    "packages/mobile-experience.js": 37,
    "packages/modules-runtime.js": 4199,
    "packages/modules.js": [
      294628,
      {
        "node_modules": {
          "meteor": {
            "modules": {
              "client.js": 124,
              "css.js": 261,
              "install-packages.js": 2147,
              "process.js": 347,
              "reify.js": 71,
              "stubs.js": 97,
              "node_modules": {
                "reify": {
                  "lib": {
                    "runtime": {
                      "index.js": 933,
                      "utils.js": 1217,
                      "entry.js": 3299
                    }
                  }
                }
              }
            }
          },
          "react": {
            "package.json": 75,
            "index.js": 74,
            "cjs": {
              "react.production.min.js": 6201,
              "react.development.js": 27
            }
          },
          "object-assign": {
            "package.json": 65,
            "index.js": 940
          },
          "prop-types": {
            "checkPropTypes.js": 134,
            "lib": {
              "ReactPropTypesSecret.js": 94
            },
            "package.json": 79,
            "index.js": 68,
            "factoryWithTypeCheckers.js": 5641,
            "factoryWithThrowingShims.js": 676
          },
          "react-dom": {
            "package.json": 175,
            "index.js": 287,
            "cjs": {
              "react-dom.production.min.js": 116967,
              "react-dom.development.js": 29
            }
          },
          "scheduler": {
            "package.json": 78,
            "index.js": 78,
            "cjs": {
              "scheduler.production.min.js": 4602,
              "scheduler.development.js": 27,
              "scheduler-tracing.production.min.js": 368,
              "scheduler-tracing.development.js": 27
            },
            "tracing.js": 86
          },
          "@babel": {
            "runtime": {
              "helpers": {
                "interopRequireDefault.js": 79,
                "inheritsLoose.js": 123,
                "assertThisInitialized.js": 151,
                "toConsumableArray.js": 190,
                "arrayWithoutHoles.js": 104,
                "arrayLikeToArray.js": 134,
                "iterableToArray.js": 123,
                "unsupportedIterableToArray.js": 344,
                "nonIterableSpread.js": 197,
                "typeof.js": 283,
                "objectSpread.js": 388,
                "defineProperty.js": 148,
                "extends.js": 246,
                "createClass.js": 251
              },
              "package.json": 584
            }
          },
          "react-intl": {
            "package.json": 147,
            "locale-data": {
              "index.js": 12,
              "ar.js": 7127,
              "bg.js": 1902,
              "cs.js": 2120,
              "de.js": 1743,
              "el.js": 1960,
              "en.js": 7276,
              "es.js": 13703,
              "eu.js": 1541,
              "fa.js": 1720,
              "fi.js": 1714,
              "fr.js": 4403,
              "he.js": 2513,
              "hi.js": 2007,
              "hu.js": 1637,
              "id.js": 1237,
              "it.js": 1632,
              "ja.js": 1137,
              "km.js": 1656,
              "pl.js": 2214,
              "pt.js": 3117,
              "ru.js": 3051,
              "sv.js": 1740,
              "tr.js": 1513,
              "uk.js": 2951,
              "vi.js": 1289,
              "zh.js": 5705
            },
            "lib": {
              "index.js": 20352
            },
            "node_modules": {
              "hoist-non-react-statics": {
                "package.json": 118,
                "dist": {
                  "hoist-non-react-statics.cjs.js": 661
                }
              }
            }
          },
          "intl-messageformat": {
            "package.json": 137,
            "lib": {
              "locales.js": 12,
              "main.js": 143,
              "core.js": 2969,
              "utils.js": 235,
              "es5.js": 474,
              "compiler.js": 2629,
              "en.js": 271
            },
            "index.js": 104
          },
          "intl-messageformat-parser": {
            "package.json": 93,
            "index.js": 79,
            "lib": {
              "parser.js": 10423
            }
          },
          "intl-relativeformat": {
            "package.json": 138,
            "lib": {
              "locales.js": 12,
              "main.js": 192,
              "core.js": 4139,
              "diff.js": 651,
              "es5.js": 872,
              "en.js": 2934
            },
            "index.js": 104
          },
          "react-is": {
            "package.json": 78,
            "index.js": 77,
            "cjs": {
              "react-is.production.min.js": 2137,
              "react-is.development.js": 27
            }
          },
          "invariant": {
            "package.json": 102,
            "browser.js": 381
          },
          "intl-format-cache": {
            "package.json": 85,
            "index.js": 73,
            "dist": {
              "index.js": 489
            }
          },
          "browser-detect": {
            "package.json": 101,
            "dist": {
              "browser-detect.umd.js": 11060
            }
          },
          "meteor-node-stubs": {
            "package.json": 85,
            "index.js": 354,
            "map.json": 946
          },
          "process": {
            "package.json": 100,
            "browser.js": 752
          }
        }
      }
    ],
    "packages/modern-browsers.js": 35,
    "packages/babel-compiler.js": 34,
    "packages/ecmascript.js": 30,
    "packages/ecmascript-runtime.js": 38,
    "packages/babel-runtime.js": [
      1566,
      {
        "node_modules": {
          "meteor": {
            "babel-runtime": {
              "babel-runtime.js": 678,
              "node_modules": {
                "meteor-babel-helpers": {
                  "package.json": 88,
                  "index.js": 389
                }
              }
            }
          }
        }
      }
    ],
    "packages/promise.js": [
      5590,
      {
        "node_modules": {
          "meteor": {
            "promise": {
              "modern.js": 23,
              "legacy.js": 95,
              "client.js": 71,
              "extensions.js": 391,
              "node_modules": {
                "promise": {
                  "lib": {
                    "es6-extensions.js": 1211,
                    "core.js": 1828
                  }
                },
                "asap": {
                  "package.json": 247,
                  "raw.js": 63,
                  "browser-raw.js": 671
                },
                "meteor-promise": {
                  "package.json": 119,
                  "promise_client.js": 266
                }
              }
            }
          }
        }
      }
    ],
    "packages/fetch.js": [
      7837,
      {
        "node_modules": {
          "meteor": {
            "fetch": {
              "legacy.js": 110,
              "node_modules": {
                "whatwg-fetch": {
                  "package.json": 80,
                  "fetch.js": 7273
                }
              }
            }
          }
        }
      }
    ],
    "packages/dynamic-import.js": [
      4583,
      {
        "node_modules": {
          "meteor": {
            "dynamic-import": {
              "client.js": 1552,
              "cache.js": 1930,
              "common.js": 60,
              "dynamic-versions.js": 640
            }
          }
        }
      }
    ],
    "packages/es5-shim.js": [
      28121,
      {
        "node_modules": {
          "meteor": {
            "es5-shim": {
              "client.js": 132,
              "console.js": 289,
              "export_globals.js": 152,
              "import_globals.js": 75,
              "node_modules": {
                "es5-shim": {
                  "es5-shim.js": 22233,
                  "es5-sham.js": 4829
                }
              }
            }
          }
        }
      }
    ],
    "packages/ecmascript-runtime-client.js": [
      77305,
      {
        "node_modules": {
          "meteor": {
            "ecmascript-runtime-client": {
              "modern.js": 683,
              "legacy.js": 1344,
              "node_modules": {
                "core-js": {
                  "modules": {
                    "es6.symbol.js": 3582,
                    "_global.js": 184,
                    "_has.js": 84,
                    "_descriptors.js": 123,
                    "_fails.js": 74,
                    "_export.js": 530,
                    "_core.js": 76,
                    "_hide.js": 167,
                    "_object-dp.js": 334,
                    "_an-object.js": 121,
                    "_is-object.js": 94,
                    "_ie8-dom-define.js": 168,
                    "_dom-create.js": 147,
                    "_to-primitive.js": 342,
                    "_property-desc.js": 111,
                    "_redefine.js": 496,
                    "_uid.js": 129,
                    "_ctx.js": 303,
                    "_a-function.js": 113,
                    "_meta.js": 608,
                    "_shared.js": 284,
                    "_library.js": 29,
                    "_set-to-string-tag.js": 173,
                    "_wks.js": 190,
                    "_wks-ext.js": 30,
                    "_wks-define.js": 226,
                    "_enum-keys.js": 208,
                    "_object-keys.js": 127,
                    "_object-keys-internal.js": 261,
                    "_to-iobject.js": 94,
                    "_iobject.js": 143,
                    "_cof.js": 86,
                    "_defined.js": 103,
                    "_array-includes.js": 291,
                    "_to-length.js": 113,
                    "_to-integer.js": 102,
                    "_to-absolute-index.js": 121,
                    "_shared-key.js": 107,
                    "_enum-bug-keys.js": 133,
                    "_object-gops.js": 47,
                    "_object-pie.js": 42,
                    "_is-array.js": 94,
                    "_object-create.js": 577,
                    "_object-dps.js": 225,
                    "_html.js": 77,
                    "_object-gopn-ext.js": 316,
                    "_object-gopn.js": 163,
                    "_object-gopd.js": 313,
                    "es6.map.js": 346,
                    "_collection-strong.js": 1600,
                    "_redefine-all.js": 104,
                    "_an-instance.js": 140,
                    "_for-of.js": 520,
                    "_iter-call.js": 161,
                    "_is-array-iter.js": 150,
                    "_iterators.js": 29,
                    "core.get-iterator-method.js": 187,
                    "_classof.js": 343,
                    "_iter-define.js": 1013,
                    "_iter-create.js": 255,
                    "_object-gpo.js": 290,
                    "_to-object.js": 81,
                    "_iter-step.js": 66,
                    "_set-species.js": 219,
                    "_validate-collection.js": 151,
                    "_collection.js": 1283,
                    "_iter-detect.js": 303,
                    "_inherit-if-required.js": 198,
                    "_set-proto.js": 444,
                    "es6.set.js": 280,
                    "es6.string.iterator.js": 258,
                    "_string-at.js": 317,
                    "es6.array.is-array.js": 75,
                    "es6.array.from.js": 654,
                    "_create-property.js": 134,
                    "es6.array.of.js": 312,
                    "es6.array.join.js": 211,
                    "_strict-method.js": 143,
                    "es6.array.slice.js": 419,
                    "es6.array.sort.js": 308,
                    "es6.array.for-each.js": 189,
                    "_array-methods.js": 491,
                    "_array-species-create.js": 101,
                    "_array-species-constructor.js": 257,
                    "es6.array.map.js": 177,
                    "es6.array.filter.js": 183,
                    "es6.array.some.js": 179,
                    "es6.array.every.js": 181,
                    "es6.array.reduce.js": 199,
                    "_array-reduce.js": 368,
                    "es6.array.reduce-right.js": 209,
                    "es6.array.index-of.js": 251,
                    "es6.array.last-index-of.js": 429,
                    "es6.array.copy-within.js": 128,
                    "_array-copy-within.js": 367,
                    "_add-to-unscopables.js": 134,
                    "es6.array.fill.js": 109,
                    "_array-fill.js": 279,
                    "es6.array.find.js": 256,
                    "es6.array.find-index.js": 264,
                    "es6.array.species.js": 41,
                    "es6.array.iterator.js": 415,
                    "es6.function.bind.js": 71,
                    "_bind.js": 476,
                    "_invoke.js": 343,
                    "es6.function.name.js": 215,
                    "es6.function.has-instance.js": 317,
                    "es6.math.acosh.js": 257,
                    "_math-log1p.js": 102,
                    "es6.math.asinh.js": 173,
                    "es6.math.atanh.js": 146,
                    "es6.math.cbrt.js": 130,
                    "_math-sign.js": 86,
                    "es6.math.clz32.js": 129,
                    "es6.math.cosh.js": 104,
                    "es6.math.expm1.js": 98,
                    "_math-expm1.js": 191,
                    "es6.math.fround.js": 76,
                    "_math-fround.js": 271,
                    "es6.math.hypot.js": 230,
                    "es6.math.imul.js": 252,
                    "es6.math.log10.js": 101,
                    "es6.math.log1p.js": 74,
                    "es6.math.log2.js": 97,
                    "es6.math.sign.js": 72,
                    "es6.math.sinh.js": 232,
                    "es6.math.tanh.js": 168,
                    "es6.math.trunc.js": 106,
                    "es6.object.create.js": 80,
                    "es6.object.define-property.js": 111,
                    "es6.object.define-properties.js": 112,
                    "es6.object.get-own-property-descriptor.js": 161,
                    "_object-sap.js": 185,
                    "es6.object.get-prototype-of.js": 143,
                    "es6.object.keys.js": 134,
                    "es6.object.get-own-property-names.js": 99,
                    "es6.object.freeze.js": 149,
                    "es6.object.seal.js": 147,
                    "es6.object.prevent-extensions.js": 160,
                    "es6.object.is-frozen.js": 125,
                    "es6.object.is-sealed.js": 125,
                    "es6.object.is-extensible.js": 131,
                    "es6.object.assign.js": 84,
                    "_object-assign.js": 533,
                    "es6.object.is.js": 73,
                    "_same-value.js": 94,
                    "es6.object.set-prototype-of.js": 88,
                    "es6.object.to-string.js": 198,
                    "es6.regexp.constructor.js": 753,
                    "_is-regexp.js": 158,
                    "_flags.js": 206,
                    "es6.regexp.to-string.js": 439,
                    "es6.regexp.flags.js": 132,
                    "es6.regexp.match.js": 191,
                    "_fix-re-wks.js": 379,
                    "es6.regexp.replace.js": 191,
                    "es6.regexp.search.js": 192,
                    "es6.regexp.split.js": 1286,
                    "es6.string.from-code-point.js": 385,
                    "es6.string.raw.js": 252,
                    "es6.string.trim.js": 104,
                    "_string-trim.js": 390,
                    "_string-ws.js": 108,
                    "es6.string.code-point-at.js": 132,
                    "es6.string.ends-with.js": 357,
                    "_string-context.js": 167,
                    "_fails-is-regexp.js": 153,
                    "es6.string.includes.js": 228,
                    "es6.string.repeat.js": 80,
                    "_string-repeat.js": 237,
                    "es6.string.starts-with.js": 339,
                    "es6.string.anchor.js": 118,
                    "_string-html.js": 357,
                    "es6.string.big.js": 113,
                    "es6.string.blink.js": 117,
                    "es6.string.bold.js": 112,
                    "es6.string.fixed.js": 114,
                    "es6.string.fontcolor.js": 125,
                    "es6.string.fontsize.js": 123,
                    "es6.string.italics.js": 115,
                    "es6.string.link.js": 116,
                    "es6.string.small.js": 117,
                    "es6.string.strike.js": 119,
                    "es6.string.sub.js": 113,
                    "es6.string.sup.js": 113,
                    "es6.weak-map.js": 886,
                    "_collection-weak.js": 1095,
                    "web.dom.iterable.js": 886,
                    "es6.weak-set.js": 265,
                    "es7.array.includes.js": 211,
                    "es7.array.flat-map.js": 330,
                    "_flatten-into-array.js": 409,
                    "es7.array.flatten.js": 336,
                    "es7.object.get-own-property-descriptors.js": 279,
                    "_own-keys.js": 196,
                    "es7.object.values.js": 115,
                    "_object-to-array.js": 231,
                    "es7.object.entries.js": 116,
                    "es7.object.define-getter.js": 262,
                    "_object-forced-pam.js": 172,
                    "es7.object.define-setter.js": 262,
                    "es7.object.lookup-getter.js": 299,
                    "es7.object.lookup-setter.js": 299,
                    "es7.string.pad-start.js": 237,
                    "_string-pad.js": 289,
                    "_user-agent.js": 78,
                    "es7.string.pad-end.js": 235,
                    "es6.number.epsilon.js": 75,
                    "es6.number.is-finite.js": 132,
                    "es6.number.is-integer.js": 80,
                    "_is-integer.js": 113,
                    "es6.number.is-nan.js": 84,
                    "es6.number.is-safe-integer.js": 148,
                    "es6.number.max-safe-integer.js": 85,
                    "es6.number.min-safe-integer.js": 86,
                    "es6.number.parse-float.js": 113,
                    "_parse-float.js": 200,
                    "es6.number.parse-int.js": 107,
                    "_parse-int.js": 228,
                    "es6.typed.uint8-array.js": 103,
                    "_typed-array.js": 6990,
                    "_typed.js": 382,
                    "_typed-buffer.js": 3650,
                    "_to-index.js": 177,
                    "_species-constructor.js": 180,
                    "es6.typed.uint32-array.js": 104
                  },
                  "es6": {
                    "array.js": 793,
                    "function.js": 167,
                    "math.js": 574,
                    "object.js": 757,
                    "regexp.js": 299,
                    "string.js": 951,
                    "weak-map.js": 157,
                    "weak-set.js": 155
                  },
                  "es7": {
                    "array.js": 158,
                    "object.js": 344
                  }
                }
              }
            }
          }
        }
      }
    ],
    "packages/base64.js": [
      1995,
      {
        "node_modules": {
          "meteor": {
            "base64": {
              "base64.js": 1494
            }
          }
        }
      }
    ],
    "packages/ejson.js": [
      7279,
      {
        "node_modules": {
          "meteor": {
            "ejson": {
              "ejson.js": 5746,
              "stringify.js": 1001
            }
          }
        }
      }
    ],
    "packages/diff-sequence.js": [
      3072,
      {
        "node_modules": {
          "meteor": {
            "diff-sequence": {
              "diff.js": 2524
            }
          }
        }
      }
    ],
    "packages/geojson-utils.js": [
      5171,
      {
        "node_modules": {
          "meteor": {
            "geojson-utils": {
              "main.js": 48,
              "geojson-utils.js": 4784
            }
          }
        }
      }
    ],
    "packages/id-map.js": [
      1833,
      {
        "node_modules": {
          "meteor": {
            "id-map": {
              "id-map.js": 1314
            }
          }
        }
      }
    ],
    "packages/random.js": [
      3709,
      {
        "node_modules": {
          "meteor": {
            "random": {
              "random.js": 3217
            }
          }
        }
      }
    ],
    "packages/mongo-id.js": [
      2383,
      {
        "node_modules": {
          "meteor": {
            "mongo-id": {
              "id.js": 1809
            }
          }
        }
      }
    ],
    "packages/ordered-dict.js": [
      3975,
      {
        "node_modules": {
          "meteor": {
            "ordered-dict": {
              "ordered_dict.js": 3437
            }
          }
        }
      }
    ],
    "packages/tracker.js": [
      5250,
      {
        "node_modules": {
          "meteor": {
            "tracker": {
              "tracker.js": 4743
            }
          }
        }
      }
    ],
    "packages/minimongo.js": [
      47518,
      {
        "node_modules": {
          "meteor": {
            "minimongo": {
              "minimongo_client.js": 48,
              "common.js": 13388,
              "cursor.js": 5121,
              "local_collection.js": 21021,
              "matcher.js": 2932,
              "minimongo_common.js": 235,
              "observe_handle.js": 100,
              "sorter.js": 3704
            }
          }
        }
      }
    ],
    "packages/check.js": [
      6735,
      {
        "node_modules": {
          "meteor": {
            "check": {
              "match.js": 5866,
              "isPlainObject.js": 327
            }
          }
        }
      }
    ],
    "packages/retry.js": [
      1484,
      {
        "node_modules": {
          "meteor": {
            "retry": {
              "retry.js": 970
            }
          }
        }
      }
    ],
    "packages/callback-hook.js": [
      1794,
      {
        "node_modules": {
          "meteor": {
            "callback-hook": {
              "hook.js": 1281
            }
          }
        }
      }
    ],
    "packages/ddp-common.js": [
      5516,
      {
        "node_modules": {
          "meteor": {
            "ddp-common": {
              "namespace.js": 16,
              "heartbeat.js": 1687,
              "utils.js": 1569,
              "method_invocation.js": 587,
              "random_stream.js": 699
            }
          }
        }
      }
    ],
    "packages/reload.js": [
      2150,
      {
        "node_modules": {
          "meteor": {
            "reload": {
              "reload.js": 1649
            }
          }
        }
      }
    ],
    "packages/socket-stream-client.js": [
      38353,
      {
        "node_modules": {
          "meteor": {
            "socket-stream-client": {
              "sockjs-0.3.4.js": 30489,
              "browser.js": 3598,
              "common.js": 2930,
              "urls.js": 739
            }
          }
        }
      }
    ],
    "packages/ddp-client.js": [
      25498,
      {
        "node_modules": {
          "meteor": {
            "ddp-client": {
              "client": {
                "client.js": 134,
                "client_convenience.js": 912
              },
              "common": {
                "MethodInvoker.js": 1379,
                "livedata_connection.js": 21047,
                "namespace.js": 1060
              }
            }
          }
        }
      }
    ],
    "packages/ddp.js": 78,
    "packages/ddp-server.js": 30,
    "packages/allow-deny.js": [
      6140,
      {
        "node_modules": {
          "meteor": {
            "allow-deny": {
              "allow-deny.js": 5463
            }
          }
        }
      }
    ],
    "packages/mongo.js": [
      9420,
      {
        "node_modules": {
          "meteor": {
            "mongo": {
              "local_collection_driver.js": 438,
              "collection.js": 8058
            }
          }
        }
      }
    ],
    "packages/reactive-var.js": 818,
    "packages/standard-minifier-css.js": 41,
    "packages/standard-minifier-js.js": 40,
    "packages/shell-server.js": 32,
    "packages/static-html.js": 31,
    "packages/tmeasday_check-npm-versions.js": [
      14362,
      {
        "node_modules": {
          "meteor": {
            "tmeasday:check-npm-versions": {
              "check-npm-versions.js": 860,
              "node_modules": {
                "semver": {
                  "package.json": 75,
                  "semver.js": 12800
                }
              }
            }
          }
        }
      }
    ],
    "packages/react-meteor-data.js": [
      4689,
      {
        "node_modules": {
          "meteor": {
            "react-meteor-data": {
              "react-meteor-data.jsx": 338,
              "ReactMeteorData.jsx": 3191,
              "createContainer.jsx": 489
            }
          }
        }
      }
    ],
    "packages/url.js": [
      1064,
      {
        "node_modules": {
          "meteor": {
            "url": {
              "url_client.js": 152,
              "url_common.js": 605
            }
          }
        }
      }
    ],
    "packages/http.js": [
      3390,
      {
        "node_modules": {
          "meteor": {
            "http": {
              "httpcall_client.js": 2114,
              "httpcall_common.js": 932
            }
          }
        }
      }
    ],
    "packages/reactive-dict.js": [
      4732,
      {
        "node_modules": {
          "meteor": {
            "reactive-dict": {
              "migration.js": 817,
              "reactive-dict.js": 3288
            }
          }
        }
      }
    ],
    "packages/session.js": 241,
    "packages/nathantreid_css-modules.js": [
      616,
      {
        "node_modules": {
          "meteor": {
            "nathantreid:css-modules": {
              "package": {
                "main.js": 66
              }
            }
          }
        }
      }
    ],
    "packages/rocketchat_streamer.js": [
      6125,
      {
        "node_modules": {
          "meteor": {
            "rocketchat:streamer": {
              "lib": {
                "ev.js": 1115
              },
              "client": {
                "client.js": 4252
              }
            }
          }
        }
      }
    ],
    "packages/deps.js": 111,
    "packages/cfs_reactive-property.js": 773,
    "packages/cfs_reactive-list.js": 2485,
    "packages/cfs_micro-queue.js": 1078,
    "packages/cfs_power-queue.js": 6315,
    "packages/webapp.js": [
      887,
      {
        "node_modules": {
          "meteor": {
            "webapp": {
              "webapp_client.js": 372
            }
          }
        }
      }
    ],
    "packages/livedata.js": 105,
    "packages/hot-code-push.js": 33,
    "packages/launch-screen.js": 787,
    "packages/autoupdate.js": [
      2590,
      {
        "node_modules": {
          "meteor": {
            "autoupdate": {
              "autoupdate_client.js": 1930
            }
          }
        }
      }
    ],
    "app/global-imports.js": [
      1055,
      {}
    ],
    "app/app.js": [
      5392,
      {
        "imports": {
          "ui": {
            "components": {
              "legacy": {
                "component.jsx": 4579,
                "styles.css": 263
              }
            }
          }
        },
        "client": {
          "legacy.jsx": 333
        }
      }
    ]
  }
}
