{
  "format": "web-program-pre1",
  "manifest": [
    {
      "path": "7d830ce488bbe206eb65aa1a932ec1246da31bef.js",
      "where": "client",
      "type": "js",
      "cacheable": true,
      "url": "/7d830ce488bbe206eb65aa1a932ec1246da31bef.js?meteor_js_resource=true",
      "size": 670815,
      "hash": "7d830ce488bbe206eb65aa1a932ec1246da31bef",
      "sri": "7BgJYdu60dkK9vnRnRpZ3BA/yQ5IIaxJfWNSSOaMfWQuE5lkrEiQz/lqXKMK6iK4b728rqEM3KTNVjK3AYj2CQ=="
    },
    {
      "path": "7d830ce488bbe206eb65aa1a932ec1246da31bef.stats.json",
      "where": "client",
      "type": "json",
      "cacheable": true,
      "url": "/7d830ce488bbe206eb65aa1a932ec1246da31bef.stats.json?meteor_js_resource=true",
      "size": 28471,
      "hash": "6c84c3c5b58358619680f250a2593acdcfdfa824",
      "sri": "vVb21J53OlEiegQ24sh+f4vJXzAo4e7loouapoGn4m8dtcNHoWF9xigPTFZbM/uBWtH1OMjRmTG80NevgezueA=="
    },
    {
      "path": "5a72addc958765fd72c3d1cf18b5d3252fde092a.css",
      "where": "client",
      "type": "css",
      "cacheable": true,
      "url": "/5a72addc958765fd72c3d1cf18b5d3252fde092a.css?meteor_css_resource=true",
      "size": 19066,
      "hash": "5a72addc958765fd72c3d1cf18b5d3252fde092a",
      "sri": "CmfQlPhmPFYzHz3iW3XLeCBKiZ5Rm0/VwaJffRpWMtshdRujY9UZogxdjhytxy6DNCnCd3zXixAaQRFA/uvX4w=="
    },
    {
      "path": "app/client/avtar.png",
      "where": "client",
      "type": "asset",
      "cacheable": false,
      "url": "/client/avtar.png",
      "size": 5737,
      "hash": "85891b5f31046f8e14a08821db0d0d1c414ae848",
      "sri": "V/yslO6RhjKRWeCMjezfIoYgYKV+9nS1JKhZ6REfhUw3nWrw0UKbwziPOpE25KrNyJ7sLQRJFRSBHWtS7lydOQ=="
    },
    {
      "path": "app/compatibility/adapter.js",
      "where": "client",
      "type": "asset",
      "cacheable": false,
      "url": "/compatibility/adapter.js",
      "size": 191655,
      "hash": "875ea39ab695b0bef5b228b4a9e4eda549b511e1",
      "sri": "eivrLq5JiKhOisKL28PLvjZWwf2Z6sqdkaEzZaCKdCEJ5ptl3Qn24hrkuSz5RfVUswSzGoKfV4CLOS6rgtuYIA=="
    },
    {
      "path": "app/compatibility/bowser.js",
      "where": "client",
      "type": "asset",
      "cacheable": false,
      "url": "/compatibility/bowser.js",
      "size": 18324,
      "hash": "b0634dc3bd574360cfa19e77fd8b7e01e2527284",
      "sri": "Yg60j5iRYiZlZmuEcKq5+XLFCkfZiT6kJwptY2JxOgC6rkypVPSUPJYctO87a3Pxzv+JVdipuJMQdtEvXhdFcQ=="
    },
    {
      "path": "app/compatibility/kurento-extension.js",
      "where": "client",
      "type": "asset",
      "cacheable": false,
      "url": "/compatibility/kurento-extension.js",
      "size": 29051,
      "hash": "a4ab03ebc1904d19967e86ab86d8aab2acf8c8b6",
      "sri": "3ElqYhK5kup2Hz0f7EiDc0hHg8Rgii6geKJ/VvFkWIaAI8r3MkrOdapdU5nF/4K2pLrbDfoFclYHMRmp2HevUA=="
    },
    {
      "path": "app/compatibility/kurento-utils.js",
      "where": "client",
      "type": "asset",
      "cacheable": false,
      "url": "/compatibility/kurento-utils.js",
      "size": 158803,
      "hash": "746b872547fddf927d513e158ca7615aa4b164ff",
      "sri": "Bf6Y6jfpF10S6GvbfyJHzzRbEVhc5Ur58oTaS/OztwWABk1oJA0YS98AcCER8Za72nxsEicZ27X6jQoqALFVpA=="
    },
    {
      "path": "app/compatibility/sip.js",
      "where": "client",
      "type": "asset",
      "cacheable": false,
      "url": "/compatibility/sip.js",
      "size": 384826,
      "hash": "5115522c89f75c58063a2eea28b7457b8524e900",
      "sri": "8sLniDR89q/lu2Vlwylf3maJVk5OptEbPyAH19pp4liCYe0kh1K/T8SjCXE4wTo5faviJUsYZOBOfcT7IGhzUg=="
    },
    {
      "path": "app/css/bootstrap.min.css",
      "where": "client",
      "type": "asset",
      "cacheable": false,
      "url": "/css/bootstrap.min.css",
      "size": 155768,
      "hash": "951ceea8f3eceea2b0d3e5be9f898733057960a4",
      "sri": "FJMi45S3r+DKrCpIrDfm92pUogsORYaTl3Om+j12+RAYSdD6ksQqrkkn/3zvnCzZvM2Y3UwwLHtQGndDo0MAyg=="
    },
    {
      "path": "app/css/font-awesome-all.css",
      "where": "client",
      "type": "asset",
      "cacheable": false,
      "url": "/css/font-awesome-all.css",
      "size": 74894,
      "hash": "cbecd70e85b3b75475888ae0b702556759374fbf",
      "sri": "gf6UxD3tFhDmlW9NXsI4xVtnUwuez8l6OQIFvbwqQaWHg41P2M+piCl6130xoqDgI34mGwVQ0PjWAz5O2Uf9sw=="
    },
    {
      "path": "app/css/login.css",
      "where": "client",
      "type": "asset",
      "cacheable": false,
      "url": "/css/login.css",
      "size": 3165,
      "hash": "fa23efef04061cdec2a7e91ab429cdad283a15d2",
      "sri": "9pwmO5DDaerdih5gjhlLK5I121xIhccUvmrFTQoYgSZTxhYTgizhGrfZBOZnXPmNQBZglbdzhugk5+zxgoU1nQ=="
    },
    {
      "path": "app/css/stylesheet-new.css",
      "where": "client",
      "type": "asset",
      "cacheable": false,
      "url": "/css/stylesheet-new.css",
      "size": 20188,
      "hash": "b929ac69f34ce4ebd80976418eabfa0aa3ffbc6a",
      "sri": "s115kb+n9i8IhEcqiM8L+LWIAKD5ywtc7EVdeMrDIbDJLiIW9hFFi9Vl3Zm6IL/lMwmV3NCOkUcZdGivVwp34Q=="
    },
    {
      "path": "app/css/stylesheet.css",
      "where": "client",
      "type": "asset",
      "cacheable": false,
      "url": "/css/stylesheet.css",
      "size": 21014,
      "hash": "89247adeebebf042139c1497fcb21559a5b3b4b4",
      "sri": "EV3OvwkgN/fGpg7UTzO3y+LJLp6WF67W8KtNcIZIJEvEJZ9x1JGBajM86OdVik/6rTWJZAnbQWJf+AC5VXyB8w=="
    },
    {
      "path": "app/images/ask_question.png",
      "where": "client",
      "type": "asset",
      "cacheable": false,
      "url": "/images/ask_question.png",
      "size": 52785,
      "hash": "932d9fd8f1bae98600339909422e8c78cc35245d",
      "sri": "ntCZ8tvEXL/8WFIs6W8WJ9M3mYag7QYx00NXMB3MwBYe3x/bxVXJJNShCTFP7Fm3nyYiWckmfzqyEcdq62fsxA=="
    },
    {
      "path": "app/images/avtar.png",
      "where": "client",
      "type": "asset",
      "cacheable": false,
      "url": "/images/avtar.png",
      "size": 16780,
      "hash": "b070614b88836d8b914f13ca0d02618ff5643700",
      "sri": "oWvZqJ3wjaWUP/l7pPgISEzAf9SuGWLUfnjNKwEHH9Tw8xyaYS9A4hh75cBJ0Hovs3btmXi4K0735Yf+6lHAbQ=="
    },
    {
      "path": "app/images/avtar2.jpg",
      "where": "client",
      "type": "asset",
      "cacheable": false,
      "url": "/images/avtar2.jpg",
      "size": 14158,
      "hash": "f58367a62ab9e7a0b8a14a2daacfcd140b686991",
      "sri": "zssETB6MglP2J3/Sze2cu9WqTuLj/Z8/Rs2O1wjonoolIBES4SYIjCi+fMM6/iyROK55pheamM+3Fno+Rb6d4A=="
    },
    {
      "path": "app/images/conf-image.jpg",
      "where": "client",
      "type": "asset",
      "cacheable": false,
      "url": "/images/conf-image.jpg",
      "size": 75172,
      "hash": "adf59c4a1439d48eb9bc50e494fee0166066aa64",
      "sri": "PIN6ZF31ylm82h/h1X7yDi6PCNJZfchSYhpua8iB9Xbhi6zf/YxI+xakBOjw8vm0foSTgnm9LLltWL92EeeGDQ=="
    },
    {
      "path": "app/images/conf-photo.png",
      "where": "client",
      "type": "asset",
      "cacheable": false,
      "url": "/images/conf-photo.png",
      "size": 665254,
      "hash": "dca6dbacbb3f980cfa3f3ddc4cb4efce2d6c2305",
      "sri": "pQqcGaL0c7Lur0df3H3ISw6cUlW/SQ1Xzv/1QYg+qongFwwqQCb1wersCS8wa3syMlEk01QXuiPQfJre4emB8w=="
    },
    {
      "path": "app/images/court-divider.png",
      "where": "client",
      "type": "asset",
      "cacheable": false,
      "url": "/images/court-divider.png",
      "size": 4384,
      "hash": "cd0a76b2ee06d58229436d797b7411f90d495c16",
      "sri": "Y3W5X44glPPCKSf51vavms1IP3IHIx8+igbcjA7BVFzpc9h/E6BcC3c0Wr6IhVYBmDSoUuEXXbnyLYcJJBLaAw=="
    },
    {
      "path": "app/images/create-breakout-image.png",
      "where": "client",
      "type": "asset",
      "cacheable": false,
      "url": "/images/create-breakout-image.png",
      "size": 18672,
      "hash": "17d3009d190eef307a3d35d1b2116e333690b5c4",
      "sri": "J5cerNo1MNFvK3lFmDIZkx3kPyue1YzPKjFfo6cps1QWukdpX/m4JW75k0ESIp6i6ZMDEpmal7VJwl+Xec6LWQ=="
    },
    {
      "path": "app/images/enquiry-ai-small-logo.png",
      "where": "client",
      "type": "asset",
      "cacheable": false,
      "url": "/images/enquiry-ai-small-logo.png",
      "size": 2008,
      "hash": "e04e987457c5f262b7f9bd95ad23f62a3d3ebca7",
      "sri": "kLxKwOnq52mhAbdBJ/mo/bhJwQ4HaSzfiybEc0wMyayobB2ngFFjPjk+oM9aR3+MzErk4Hnxk4B1QgXjrO+IBg=="
    },
    {
      "path": "app/images/enquiry-logo.png",
      "where": "client",
      "type": "asset",
      "cacheable": false,
      "url": "/images/enquiry-logo.png",
      "size": 7331,
      "hash": "b80e2d7f900ed6c0e648361370ad74e3f5b94f7d",
      "sri": "i7xL81FhSpcAO1ZhvJvKSGs+X4+15HbqXHBL70uSiIyfcN3N+930rwBfawQpHfXVC10m4ujG3hK6tGwToCTWxQ=="
    },
    {
      "path": "app/images/fullscreen.svg",
      "where": "client",
      "type": "asset",
      "cacheable": false,
      "url": "/images/fullscreen.svg",
      "size": 1248,
      "hash": "c85f7499c62faa416aa921e374cadcb30c1c7ce5",
      "sri": "QNRQNfVLXl3KK/M9s8hodWljSs9uMkDYpqog8IXXMbzrXyeEKjwLYwt16oCz61h9zsqhaaqe9/wljuK9IgI/zQ=="
    },
    {
      "path": "app/images/grid-active.svg",
      "where": "client",
      "type": "asset",
      "cacheable": false,
      "url": "/images/grid-active.svg",
      "size": 4802,
      "hash": "b78d9c974064b61ebe1d9a8cc08b940146d91083",
      "sri": "uxUAT/5nvMEYtoserbAjszKFZTUV0PqzMVVrCyy+qd6V/yvVb2jas3HBdqvQs0cTK2D/5rOb9B5jV8+jWJTUTQ=="
    },
    {
      "path": "app/images/grid-center-active.svg",
      "where": "client",
      "type": "asset",
      "cacheable": false,
      "url": "/images/grid-center-active.svg",
      "size": 2521,
      "hash": "6fd950ed5dd1530fe5bede162c582452558079f7",
      "sri": "VGgTRy4FgRrEXymME1IufMHsjNzostv5hUPU7SDzQXmrX5qEDfzaTsdkB3oYBB4hQ/WFOVpCnScMWr3d+tfalg=="
    },
    {
      "path": "app/images/grid-center.svg",
      "where": "client",
      "type": "asset",
      "cacheable": false,
      "url": "/images/grid-center.svg",
      "size": 2521,
      "hash": "619f32bf603b92fdaac4aa390bc5f62cf4d22fd5",
      "sri": "kh8kE+TYD7XG4vHBxU2rOx+gAXTNWQqEXlMTkn52wqY26V/xx5udcZbYF+DGwbjEivBdAYk30WxF9zSFspeOtA=="
    },
    {
      "path": "app/images/grid-left-active.svg",
      "where": "client",
      "type": "asset",
      "cacheable": false,
      "url": "/images/grid-left-active.svg",
      "size": 2595,
      "hash": "9110b45f1956b2e464d14a21f4b8b4c96ee88415",
      "sri": "Ai7rqmLyZcF7dBlS5hQ/NkHItE9wsk54GaZHxG6JEhq6x9S5JULK2CeOC/WCYkcSSnvyMIv6xQlFTesB5w9DgQ=="
    },
    {
      "path": "app/images/grid-left.svg",
      "where": "client",
      "type": "asset",
      "cacheable": false,
      "url": "/images/grid-left.svg",
      "size": 2563,
      "hash": "53ae3f2bc2a00d63c1c6eaf08afc0220b58b9900",
      "sri": "NWMNTsjmaNtn3v30FeZaf4FXiUKsPYD6PNqzGoDCbtz1BRKtR5uNohfxzjGRUXeEz/CBSiAy7nns0V1Qj/zTkw=="
    },
    {
      "path": "app/images/grid-right.svg",
      "where": "client",
      "type": "asset",
      "cacheable": false,
      "url": "/images/grid-right.svg",
      "size": 2381,
      "hash": "6610a1d10b6a425b565e450152f6f192fe7c6e60",
      "sri": "7zn61PstpPyeMGvAp58T4N6uoI+cjagm8WLelw6KpydEp+vE0qawlOv6kCheTi4QXTnQlwjz/jtjeq9WE2Lyow=="
    },
    {
      "path": "app/images/grid.svg",
      "where": "client",
      "type": "asset",
      "cacheable": false,
      "url": "/images/grid.svg",
      "size": 4802,
      "hash": "14aae3c38265c5625390d9f55464f38f1991c5db",
      "sri": "yQX+pcUxlRytccAzb+AqWqyD7vNDApEiYG9fMT1UtPGl/d0RAyMNDnMksHgPueCQIfqYMeoXqX3xtLgMzxjYJg=="
    },
    {
      "path": "app/images/header_bg.jpg",
      "where": "client",
      "type": "asset",
      "cacheable": false,
      "url": "/images/header_bg.jpg",
      "size": 775820,
      "hash": "388c95040148c3270da1708074e8d4b44d057b09",
      "sri": "bpQ90LBmOfctlV0Wf9X7QR1RXIDQygw8jEKWEMOLKJQ/t/HRzLYsR54fK2cv4dcNNG0+U5orFoY7bonXc+MCaw=="
    },
    {
      "path": "app/images/icon-call.svg",
      "where": "client",
      "type": "asset",
      "cacheable": false,
      "url": "/images/icon-call.svg",
      "size": 1235,
      "hash": "e9eaecae2d7760d13b6cafad30d527fc14df355d",
      "sri": "yDVhZXubnfUzA9LvIHdujoD+smRLclM25E0OkgrQ3j/bqMh8o9c5knvOva911pvCcMSghJwwasmfOPFD6UpQqw=="
    },
    {
      "path": "app/images/icon-colbrotive.png",
      "where": "client",
      "type": "asset",
      "cacheable": false,
      "url": "/images/icon-colbrotive.png",
      "size": 19577,
      "hash": "714aba7ad360ee01f240fcecfce30281c2290e0e",
      "sri": "/GzheS4nVoziQ59KCL8k0/lUQMwACZrX0h+BIqV77eqs3jgzaraxZCE5NA68eDub88FYBHdkmPuWPUALV0IxAA=="
    },
    {
      "path": "app/images/icon-court-active.png",
      "where": "client",
      "type": "asset",
      "cacheable": false,
      "url": "/images/icon-court-active.png",
      "size": 2455,
      "hash": "d1b73e5fa5ff80934576956d656acde28a5e6161",
      "sri": "lMEs9xp80Au72Nmw7IOhysY/dYZTl+J4GzDITKyJ3HbXFZnrgFyQVIy5eVoh+SvtvrhgYCT6hRAbwbO4mpQR1A=="
    },
    {
      "path": "app/images/icon-court.png",
      "where": "client",
      "type": "asset",
      "cacheable": false,
      "url": "/images/icon-court.png",
      "size": 2460,
      "hash": "6ce210cb4f44d71f3f829e803d8714314a9b4719",
      "sri": "DNHJxaG3OBvE1aewGXgBVhqjOa4sDz8IZMLDcGC4fCQRWkeCvxQ81h/KeZT0SP5fpDvJ13vPwOOMnPezVf7fnQ=="
    },
    {
      "path": "app/images/icon-doc-ai.png",
      "where": "client",
      "type": "asset",
      "cacheable": false,
      "url": "/images/icon-doc-ai.png",
      "size": 1403,
      "hash": "da8a14a61f801ea4569cd7213ff73001581cc8cd",
      "sri": "sg2aIeFDkpfnsPTg5nJHZy5KI/hWqO+lChhRaoV4fSF4qLeue9U3bxCtoS2FAdrj7af5x3EMAmPCfe2Vd2DkFg=="
    },
    {
      "path": "app/images/icon-forward.svg",
      "where": "client",
      "type": "asset",
      "cacheable": false,
      "url": "/images/icon-forward.svg",
      "size": 753,
      "hash": "647ad888177ea4daece4e930938073998ef28de2",
      "sri": "yeI6Z4FpySNy4z7BMsPdNrA784KBA+SZiSi63q8S0GLS6CcBoYyvIqSNclfflWM9QMVXvgLV33LGZgdMRL8s4Q=="
    },
    {
      "path": "app/images/icon-gmail.png",
      "where": "client",
      "type": "asset",
      "cacheable": false,
      "url": "/images/icon-gmail.png",
      "size": 1993,
      "hash": "32124ca8020082b70214ee092583ff6605ba0d25",
      "sri": "RbYEKkmnOb13OZwbBG8cg7jSngW2f0oxnl+v+jG/uavpu4K6VpmphdeRSfNaYg26JuWc9aWuhBHkMPzng2U78w=="
    },
    {
      "path": "app/images/icon-hand-3.svg",
      "where": "client",
      "type": "asset",
      "cacheable": false,
      "url": "/images/icon-hand-3.svg",
      "size": 1270,
      "hash": "25dcdc0ca75aa2a35e44904bab587b02c3c0d79c",
      "sri": "SPJi5totn/Jd5/DTbM7Ms3T/TIchlg3mEEleYZ9HiA5PHXfpteLt5DgZdyTXwwVdd7BQv/iBFujuF0kbwvLQxw=="
    },
    {
      "path": "app/images/icon-hand.svg",
      "where": "client",
      "type": "asset",
      "cacheable": false,
      "url": "/images/icon-hand.svg",
      "size": 1302,
      "hash": "45ff1d653bc94c95f22081e604d17cdaaf8d50ce",
      "sri": "OEPaqKhnnUSdSev99nhtjQb8ucvBEJnuDb80VqFeUV8DvTXXNtl/YrRA/OaOgfNq/dICPzozYR98Yc37IbxOvQ=="
    },
    {
      "path": "app/images/icon-img.png",
      "where": "client",
      "type": "asset",
      "cacheable": false,
      "url": "/images/icon-img.png",
      "size": 1616,
      "hash": "154e7d81b95c333dd8546182b52a9588c314d510",
      "sri": "kLjBVHFHKVjwb72BciAvh4dUKhdXuVM9/tJ+JBdcbMOoK7rFEQ+/rLDJ13b2Uw3bB3FjldN49dXH4gw6OARVyg=="
    },
    {
      "path": "app/images/icon-mic.svg",
      "where": "client",
      "type": "asset",
      "cacheable": false,
      "url": "/images/icon-mic.svg",
      "size": 1209,
      "hash": "cfbf66086c7b7954c6418b6c422a10b077e71240",
      "sri": "n4V9NjbLAKtc84+kOdJm8csp+7Vfwjf+oG0w980rfhDwjm4pyMfLuyhStuuOU6Jfj4AUoZj3lmV/qSPf2n3hYw=="
    },
    {
      "path": "app/images/icon-pause.svg",
      "where": "client",
      "type": "asset",
      "cacheable": false,
      "url": "/images/icon-pause.svg",
      "size": 1040,
      "hash": "556432319ebfe5cc25b3946ec126d8e163f28422",
      "sri": "Yox17lGJDonYcrXd5EvQkmyt8XM2AwsH1UR33+K8K2+ykTgeaQPLJFUXtnCJoyJsZ9kAlXW/SgOmMSChekFU2g=="
    },
    {
      "path": "app/images/icon-pause2.svg",
      "where": "client",
      "type": "asset",
      "cacheable": false,
      "url": "/images/icon-pause2.svg",
      "size": 1692,
      "hash": "16d9a41a737d6085b7d03f0c6591e1b79808e655",
      "sri": "OhnLPGDHcB/yWgR9ycDoVVvlzj/7abRWZA4/yZtd20g8HFSeNK50fZc5BTZzxbUjHDFUfpqJjtSXcKTzo2hUow=="
    },
    {
      "path": "app/images/icon-pdf.png",
      "where": "client",
      "type": "asset",
      "cacheable": false,
      "url": "/images/icon-pdf.png",
      "size": 1587,
      "hash": "0f05baee9e00ed7e576f9b1369df31b6d542f6be",
      "sri": "BrWg+WfC9Hp5NAAw/j5uvBGWRE7L7iG6LtLPMbNzm8oWJdLnwC/RzuzVxbkj6NkhAfjGY7JSMPtESnN4Q9TTsA=="
    },
    {
      "path": "app/images/icon-psd.png",
      "where": "client",
      "type": "asset",
      "cacheable": false,
      "url": "/images/icon-psd.png",
      "size": 1669,
      "hash": "35d9c215774fc302629e0d07d841eabd11d1c0b4",
      "sri": "1apVIWS6CzIHOWUgdchPnly8M/LdGfync1Zwyopa0IOzGHE8JSYKhgpWP8NgeBXyYC3nzGcZ2K2KzjRAnV+/xA=="
    },
    {
      "path": "app/images/icon-record.png",
      "where": "client",
      "type": "asset",
      "cacheable": false,
      "url": "/images/icon-record.png",
      "size": 17321,
      "hash": "00feedcbadb939cc15ae02aca7d7c60e0ecd29fc",
      "sri": "SyhOFwVP3hSBqkKdOLrHFcH3wdeRi418gc7zzvwzfUM5Rib++COSNTkTWaltNT3lp4vx6IvQB+XAQGEmd7qfMg=="
    },
    {
      "path": "app/images/icon-setting.svg",
      "where": "client",
      "type": "asset",
      "cacheable": false,
      "url": "/images/icon-setting.svg",
      "size": 1447,
      "hash": "75ec3828e236375bad8e4f48bfbd0d5e71af0b3b",
      "sri": "5EHD6I+o5mY2eCM7gHjpY0nj1pF7VKF0elRSAUjEfQhAJxTmTS5u1O3dxJYV9OxvDgCJL0v1rAasWyzIEf706w=="
    },
    {
      "path": "app/images/icon-video.svg",
      "where": "client",
      "type": "asset",
      "cacheable": false,
      "url": "/images/icon-video.svg",
      "size": 1184,
      "hash": "033f6699d0486c18eaecaeea2b83ed997d174b65",
      "sri": "59ATxedYZjN4syW4aUiE63WIumODWsX9hx42M59chzT+Y235NuINACGB79ZWCDsPv4LjHUDsq/nGs4VlKtsBrg=="
    },
    {
      "path": "app/images/icon-whatsapp.png",
      "where": "client",
      "type": "asset",
      "cacheable": false,
      "url": "/images/icon-whatsapp.png",
      "size": 2424,
      "hash": "66baf6bafdb67d37b37d68a6dd1d7d252f4023b1",
      "sri": "z/NM3Yrf6eERWKq6i9S4caSe9fLFN4KzQnmZpe/uYr08Ib6NYsn27Cgb1JeP3cgTOH5NDD3NgLrHdiSfi1iOfA=="
    },
    {
      "path": "app/images/justics-left.png",
      "where": "client",
      "type": "asset",
      "cacheable": false,
      "url": "/images/justics-left.png",
      "size": 5728,
      "hash": "5da902a48038dc0f912b182e38d95933a0477f9a",
      "sri": "343bLUbZsxfVpfpkpf/H2m/lu252ncZpbCf0lALbaBJtr9UGkAbPbKUYkiDnnKzEVyu4XwetdGGdZtpfRe+GoQ=="
    },
    {
      "path": "app/images/justics-right.png",
      "where": "client",
      "type": "asset",
      "cacheable": false,
      "url": "/images/justics-right.png",
      "size": 5783,
      "hash": "5a3f963268a72e3091d26779c68fff2a454d23bb",
      "sri": "++hnLdUUBhsOToEGXju9c9IfvFw4Z05iA1Wt/2rc4Lwpwt/DFCZ+UkcGA3wWbCQ6KCP5eVW5CNmORAP2f/C0xQ=="
    },
    {
      "path": "app/images/loading.svg",
      "where": "client",
      "type": "asset",
      "cacheable": false,
      "url": "/images/loading.svg",
      "size": 1416,
      "hash": "e9a10bea15434e4cefc7984453471f2b130a2479",
      "sri": "YHS4rG22gzT/jnoEw9I/9hxsiVXjTK07gYyB7bfFhXsQvOGk8SRx4exkG78i8tKrO9RezI4zdELzG1XdCSApeA=="
    },
    {
      "path": "app/images/logo.png",
      "where": "client",
      "type": "asset",
      "cacheable": false,
      "url": "/images/logo.png",
      "size": 7370,
      "hash": "1d4a99cce9b908c9ed9e8d4cb63c09e7dd33a228",
      "sri": "eL/JJr3NnxNU8cnS2MD6yB9F64HwpOK7ILrLGz/3T6DPFV3oY3DVSeQEvdHbe6KreUo7mLKInmUKf0buy8grQg=="
    },
    {
      "path": "app/images/sarv-wave-logo-bold.png",
      "where": "client",
      "type": "asset",
      "cacheable": false,
      "url": "/images/sarv-wave-logo-bold.png",
      "size": 9900,
      "hash": "799502f733fe46185cbce39bcae194f3972dce03",
      "sri": "Ol48jBlvETHgRG/OqzwE6q3XZU4wzU944/N3fNeBl3oNYkEUlHhqH0I12LAQBWDkU+LmIaJLx1d/OTVgW/Xelg=="
    },
    {
      "path": "app/images/sarv-wave-logo-mob.png",
      "where": "client",
      "type": "asset",
      "cacheable": false,
      "url": "/images/sarv-wave-logo-mob.png",
      "size": 13817,
      "hash": "16a994a07d44407e40612ecb8b9226eb2520f2a9",
      "sri": "CzrKZ50aAdHGX61imK0R+MvKMFYwgm3ETvMkggFy9Kqya3I53rUNE5yTeUPAG9sb/22Lpg8US6gxJ5Mm4j//CA=="
    },
    {
      "path": "app/images/sarv-wave-logo.png",
      "where": "client",
      "type": "asset",
      "cacheable": false,
      "url": "/images/sarv-wave-logo.png",
      "size": 10383,
      "hash": "278427cef12be19907959b0911cf7913cab4bd5e",
      "sri": "k/zzvS8wkKM3VDDUAEQXICWAb68uYGmsS8atQq+zp3D1BfKaNQpvPgsWuWhRQxPum/Hojgwf/BQz9OkpsBoDhw=="
    },
    {
      "path": "app/images/sarv-wave-white-bg.png",
      "where": "client",
      "type": "asset",
      "cacheable": false,
      "url": "/images/sarv-wave-white-bg.png",
      "size": 22383,
      "hash": "62fd10639f14e9a8788a3b7ba9222d95ffa637c9",
      "sri": "K3+Nz6+XWihxPqzQ6Seck86PaWDR8E+zYZQftvLwapGK661h4K9jAgQPZOBVlctM0imJ5skyEFEVihimxX4sAA=="
    },
    {
      "path": "app/images/signin-image.jpg",
      "where": "client",
      "type": "asset",
      "cacheable": false,
      "url": "/images/signin-image.jpg",
      "size": 21118,
      "hash": "344041bfbb0e3d2fb6472a21bb2e8124a7964892",
      "sri": "+2XsnCI5V87A61RKI+GwAtS2ScWxRoDGU5JBbO3QxKkUv95SnnktFHGysfKFBVC40iyyHAeo07N5N4c0PyZLpA=="
    },
    {
      "path": "app/images/signup-image.jpg",
      "where": "client",
      "type": "asset",
      "cacheable": false,
      "url": "/images/signup-image.jpg",
      "size": 20463,
      "hash": "96149a9f0bff64dbf7ffbef4022150194564e50b",
      "sri": "8Ysg9JmwxOoKRWM5fjwoa9k7UFCnVnCsPbDAEPY0u1Ifxri7zvEhOYJ48zRHaEOPGlBR+rCSlRi5rEJTTdNFKQ=="
    },
    {
      "path": "app/images/thumb-photo.png",
      "where": "client",
      "type": "asset",
      "cacheable": false,
      "url": "/images/thumb-photo.png",
      "size": 642265,
      "hash": "0c1a28c3080afadc166d73f5be9bb86f4b3e08f2",
      "sri": "0hC3zfvp/Td4w039JDz5SE+mjFcR0x2T8f9qS4iR0GB3AU+BTm5ooHJHuUZTUzFqqLx85iAjk3keGwBAxN9ODw=="
    },
    {
      "path": "app/images/thumb-photo2.png",
      "where": "client",
      "type": "asset",
      "cacheable": false,
      "url": "/images/thumb-photo2.png",
      "size": 566927,
      "hash": "71d58921f6776d4b9d6326f9c7d5a2d2a1211f42",
      "sri": "zkVOlN/PvM7CXaUPNpLnDiapJkyB+hxbkjzG0QYpi7n/+XzQSJL+ADODppfFfMelT4K068EzYy0Fb5cK7u0l/A=="
    },
    {
      "path": "app/images/thumb-photo3.png",
      "where": "client",
      "type": "asset",
      "cacheable": false,
      "url": "/images/thumb-photo3.png",
      "size": 705354,
      "hash": "4c939be6f5c78fb742021c96358f41bc2bdfa3b8",
      "sri": "rAGy1lXiR1hir2+Wsl4Hz7bxe2cL7OjoXbly2sUQcV/DQvvem9zJ4yZYSda9CQ5mfpXipr1WEafSTmE9rE+vfA=="
    },
    {
      "path": "app/images/thumb-photo4.png",
      "where": "client",
      "type": "asset",
      "cacheable": false,
      "url": "/images/thumb-photo4.png",
      "size": 144497,
      "hash": "2f17a304fb93eaf814a7fbcc52340d99ecfa947c",
      "sri": "i5XXlwik06cmoaMTlog8CVChdOGRSkoLNUeCT/Lowjvao3vKNiTjxtF7a2Dcdpqj8UTi+1HSZ3xhGJtjT9W3cA=="
    },
    {
      "path": "app/images/thumb-photo5.jpg",
      "where": "client",
      "type": "asset",
      "cacheable": false,
      "url": "/images/thumb-photo5.jpg",
      "size": 80929,
      "hash": "7a8a9b9ffd92c052ab38b032835ce31b7c2246f5",
      "sri": "pHwFjE4j9WcBDB/F5GjwnfwFoyc1/ZXv012JzdnZkBr412fy43ZDXA9NNROCQKm7qnGLwUj84ej0tjVEw7FrLQ=="
    },
    {
      "path": "app/images/thumb-photo6.png",
      "where": "client",
      "type": "asset",
      "cacheable": false,
      "url": "/images/thumb-photo6.png",
      "size": 589305,
      "hash": "0855797e33b24645e6fd681bc61987b5e3904b24",
      "sri": "MvDWqAM7mXYlHa3Vjs4rb6Mf6k75MkwEYycG5sRQKkJ8069TF6Dt+YecJ30Zi9pEWX99AdXn3waDe40kL1Erkw=="
    },
    {
      "path": "app/images/video-conf-sarv.png",
      "where": "client",
      "type": "asset",
      "cacheable": false,
      "url": "/images/video-conf-sarv.png",
      "size": 64349,
      "hash": "6924d64743966bc155e24ecf75cdcccdcfde4c60",
      "sri": "hzvK37BZoK9JwojhumS6xcWOwpD5Q6Q5OczPtskJTUOfq84BNHe/mflv6KGgeHi9e5F7//vqYPhKLrpiii/WKg=="
    },
    {
      "path": "app/images/video-thumb.png",
      "where": "client",
      "type": "asset",
      "cacheable": false,
      "url": "/images/video-thumb.png",
      "size": 8892,
      "hash": "0bdcf8d81de94a564f3b76f3efd6c3a45293ce4c",
      "sri": "WTjVk/zzjU3RHPb23YAH+fbBlXdqwmnNgtQuYh6WfEksUId87ZHzHVCB2h/G9g+OhabJ48OHu5jZKyToZjXGyw=="
    },
    {
      "path": "app/images/video-thumb2.png",
      "where": "client",
      "type": "asset",
      "cacheable": false,
      "url": "/images/video-thumb2.png",
      "size": 32365,
      "hash": "0046c8a31967b6e6a60a6ff643f47bdc96c502b8",
      "sri": "gTivzE+GjdmFDGWY4mLNJZxB55P6lbjs9rBxegdJYDA+PqHG5XgavVBkhzdWfwgwfjlRaor4o+CIK4ssVY2d9Q=="
    },
    {
      "path": "app/images/video-thumb3.png",
      "where": "client",
      "type": "asset",
      "cacheable": false,
      "url": "/images/video-thumb3.png",
      "size": 75968,
      "hash": "fb55603c4fed542be77a37ede5de96fb7abc7f9b",
      "sri": "pMA1HKh7IuLg6/RWFj5G5OulE7ud4xZNKSXl/lmkVC2vRZS/tSHHYNswFl4GKC8+ihRIlG17xh8Wajin7uNisA=="
    },
    {
      "path": "app/images/video-thumb4.png",
      "where": "client",
      "type": "asset",
      "cacheable": false,
      "url": "/images/video-thumb4.png",
      "size": 37123,
      "hash": "c81b8dab8f880c7a91940850c9beb0b24f7e83b5",
      "sri": "BY6c6Ayu8tQ+z1YXX0wU99VhzLZCcmAt15kf0NJNGTFnpSguE3mzNkAptVfE8xjXxu7QZ1SczUfjG7AO/HzSpA=="
    },
    {
      "path": "app/images/video-thumb5.png",
      "where": "client",
      "type": "asset",
      "cacheable": false,
      "url": "/images/video-thumb5.png",
      "size": 23212,
      "hash": "90d34304e71b98d064d3915c927653059948333f",
      "sri": "FpW721KeqinjytWfotb3sYn1ec6bgWgDTK3KzyL+AMO5e7jiCmeLv20PDCMvUbpPGGXU0PICDuyeU96TtiGrAQ=="
    },
    {
      "path": "app/images/video-thumb6.png",
      "where": "client",
      "type": "asset",
      "cacheable": false,
      "url": "/images/video-thumb6.png",
      "size": 20822,
      "hash": "16d338cb16aed9c521e7cf067b33dbbf7ffbdd3d",
      "sri": "803XWq6TatOG7u4TYj5/6xv5/3ACYXaItHVtkGH0+g8qfVF13U/Q+CKs5gf8GZEZTipJqWQCS8LtfNK20bqIpw=="
    },
    {
      "path": "app/images/witness-box-img-lft.png",
      "where": "client",
      "type": "asset",
      "cacheable": false,
      "url": "/images/witness-box-img-lft.png",
      "size": 2867,
      "hash": "63ce67dfbcfce213409b10047bb65fb5a844f469",
      "sri": "OdcIqzfyh6gdWjPEJ9fZ6mDZDU5QEZ/pbZTL0dROr0HTJg55WPqi51irLtfQJ3R2adheLa3IEeK5q/SxWSXRYA=="
    },
    {
      "path": "app/images/witness-box-img-rgt.png",
      "where": "client",
      "type": "asset",
      "cacheable": false,
      "url": "/images/witness-box-img-rgt.png",
      "size": 2839,
      "hash": "e13b02d198e8dfdeb17fe67688efb0af66abe305",
      "sri": "91nsWWbATsEyzENl86Sd/cLS7XabxYqiFU3bcp2bI8ZvDkLwPcUhwc4+uR2HqSnjy5dBZGNdHmjgdsX1j3FE/w=="
    },
    {
      "path": "app/images/witness-box-img.png",
      "where": "client",
      "type": "asset",
      "cacheable": false,
      "url": "/images/witness-box-img.png",
      "size": 3617,
      "hash": "42fb45144a6252a6190f57e785e5c72d385985c2",
      "sri": "mBCac8jnjafZYo3BSDkvsmKU/+xDifIlF7DFpbQ51Z4tDDBCsPH04mpIX4EftVeaUMhRmp2P8WAFgLVcqH1+ew=="
    },
    {
      "path": "app/svgs/sarv_audio_icon.svg",
      "where": "client",
      "type": "asset",
      "cacheable": false,
      "url": "/svgs/sarv_audio_icon.svg",
      "size": 1243,
      "hash": "5c9b1a7b35990b3108fe0cd40ac18e63972ec2fa",
      "sri": "Mg3FtXQCAKoF1fMot4KN6ycuGwe+y+fZnwFJ0Bma8O7PtdB3oPuxyn7feZVUwQHmWIzlarklTM5zzPZkLVaH8A=="
    },
    {
      "path": "app/svgs/sarv_headphones_icon.svg",
      "where": "client",
      "type": "asset",
      "cacheable": false,
      "url": "/svgs/sarv_headphones_icon.svg",
      "size": 807,
      "hash": "929daeccad4ffd45a37ea75e60343d8eda042117",
      "sri": "cqbEXvhIkNqMLQtP+VyY/xaVDzY/Vu2Eczjk5sbYmbYx6UmGvaOHfXu0H42kmQOsuYFeBLLWf3Y+749HucMQBw=="
    },
    {
      "path": "app/fonts/SarvIcons/sarv-icons.woff",
      "where": "client",
      "type": "asset",
      "cacheable": false,
      "url": "/fonts/SarvIcons/sarv-icons.woff",
      "size": 16328,
      "hash": "3a1ca42e9390f172c44bb5b2c15bf1d1289ed6fc",
      "sri": "E5/SlpgcBpo9KkamGQg2BLeMOu/47YPbrvlm1781BiCGUSUJn52Iueq/Xg3WFnKsOOPQcAq4fmb/2fGK3GQFFw=="
    },
    {
      "path": "app/fonts/SourceSansPro/OFL.txt",
      "where": "client",
      "type": "asset",
      "cacheable": false,
      "url": "/fonts/SourceSansPro/OFL.txt",
      "size": 4579,
      "hash": "67818ccbae77075513d49eca13ce7bde1758c25e",
      "sri": "xO+YQf9zP7vjIDWp7cuX5HucCCNQtCQ4q/FbYvn9VNnkzz9/B4l+cInzLscVPC4NqNoB0NNhOhJW246KYp5ybw=="
    },
    {
      "path": "app/fonts/SourceSansPro/SourceSansPro-Bold.woff",
      "where": "client",
      "type": "asset",
      "cacheable": false,
      "url": "/fonts/SourceSansPro/SourceSansPro-Bold.woff",
      "size": 151868,
      "hash": "ec113a47acca1e72639e5c1895b938a0de794909",
      "sri": "1AYwDOFoLvjwJbj5+9q+XeI687PVLJ9rqswU13rwrml+dhOKus38w+TyDr8kyscTr0e/zQ5ie2o22HsdbLh3oQ=="
    },
    {
      "path": "app/fonts/SourceSansPro/SourceSansPro-BoldItalic.woff",
      "where": "client",
      "type": "asset",
      "cacheable": false,
      "url": "/fonts/SourceSansPro/SourceSansPro-BoldItalic.woff",
      "size": 117964,
      "hash": "aaa39c4947ae6dc9e7ca032e0fda912dedc916ec",
      "sri": "mOrq135LSLcXGZxmD2RPUuAtBT5x4/VMNUhRlAk2BV+Hos/qJCRBSwxuwfHx2TDAj2f0pszvXJAmANxbSZO3XQ=="
    },
    {
      "path": "app/fonts/SourceSansPro/SourceSansPro-Italic.woff",
      "where": "client",
      "type": "asset",
      "cacheable": false,
      "url": "/fonts/SourceSansPro/SourceSansPro-Italic.woff",
      "size": 115924,
      "hash": "b0b4bda0199ec92e46aaf57c812c8fa0ea06bc0e",
      "sri": "TzOf1kU7JyQmjLWksRwAg9yXkICa/e5YD8tiWH5AEq1BJ9Djr705wZ96/oE5tcPtKNmIZ3cYt7AHbmJKNAQepw=="
    },
    {
      "path": "app/fonts/SourceSansPro/SourceSansPro-Light.woff",
      "where": "client",
      "type": "asset",
      "cacheable": false,
      "url": "/fonts/SourceSansPro/SourceSansPro-Light.woff",
      "size": 146020,
      "hash": "a965ddc630b268fb1d7e6561f6b1fbcbe1c4a3d4",
      "sri": "LZpmk1p1Zwx2XpOmQBDr/y6OrBvsU75V5r/RaTcpsNMe7ZhN7NWEbAGUkbpw3ZpZvKJtTrfoVPJ+XEtoJ4fpxA=="
    },
    {
      "path": "app/fonts/SourceSansPro/SourceSansPro-LightItalic.woff",
      "where": "client",
      "type": "asset",
      "cacheable": false,
      "url": "/fonts/SourceSansPro/SourceSansPro-LightItalic.woff",
      "size": 113140,
      "hash": "679735a97ff8fcb04c3adaf3f2d8b04ee9dd1b6d",
      "sri": "Ds5fuln4A03dsKfn99/IshyZKApHNkLuayQ6HpkmKKi1muCw511tdiKqQhl4lDzCXRkoQaS8EikDrHANm3E8Zw=="
    },
    {
      "path": "app/fonts/SourceSansPro/SourceSansPro-Regular.woff",
      "where": "client",
      "type": "asset",
      "cacheable": false,
      "url": "/fonts/SourceSansPro/SourceSansPro-Regular.woff",
      "size": 148620,
      "hash": "c3dba74e9e5f04beec3ea66a127a1c826b59e331",
      "sri": "nMeHxlozJrEgQ2tQ4YN2ZSg+idcrnbghEQBCjFGJX328LlIdVmrV4OIi/UatJO5iwFH8rXPoSwkpD5xxb1v4Jg=="
    },
    {
      "path": "app/fonts/SourceSansPro/SourceSansPro-Semibold.woff",
      "where": "client",
      "type": "asset",
      "cacheable": false,
      "url": "/fonts/SourceSansPro/SourceSansPro-Semibold.woff",
      "size": 150320,
      "hash": "a88baedaddb6e85a37a9d7af4495a8b81600302b",
      "sri": "NipTDUqPiyISYtWvR8k0q8rz/r2wst1rBeb8Bfci3POxqndEsy40ACxccuIGv4e87b3rYY7Dh4HDt7fbURtGvA=="
    },
    {
      "path": "app/fonts/SourceSansPro/SourceSansPro-SemiboldItalic.woff",
      "where": "client",
      "type": "asset",
      "cacheable": false,
      "url": "/fonts/SourceSansPro/SourceSansPro-SemiboldItalic.woff",
      "size": 116848,
      "hash": "20db443f110f59eacf37cdd30dfdae9857cc5d7d",
      "sri": "i08kM2LhDIkx3yxzIJ7UZYMjH/M1TK/k5P3ld43IecwzNcwnq72Tr76pNBSPWUjzKofZBPL8CE4RC3pUDcGGNQ=="
    },
    {
      "path": "app/resources/images/allow-mic.png",
      "where": "client",
      "type": "asset",
      "cacheable": false,
      "url": "/resources/images/allow-mic.png",
      "size": 7880,
      "hash": "4aa85eb56b0e55bdc9fa299f50cf66e30f0e29c1",
      "sri": "lPL9AazUvxMxVl+ug0EZ4gdFSKGSCmoMT6mLBSiWZE+GPtGSFqNdd1PGzx29flhT93FYhtie03WBTMbPTiRDKg=="
    },
    {
      "path": "app/resources/sounds/LeftCall.mp3",
      "where": "client",
      "type": "asset",
      "cacheable": false,
      "url": "/resources/sounds/LeftCall.mp3",
      "size": 20257,
      "hash": "f02ac24ca25d39d64bb557dce36105f3f7d3ada7",
      "sri": "PuJmRVnLL1gTz16VGCticV4ZpDDSdthznOXKnsV+z0gZ5mg4joLLdjOLXKqLCdTzJW1poEQLiwP2Y6K/5Td1LQ=="
    },
    {
      "path": "app/resources/sounds/Poll.mp3",
      "where": "client",
      "type": "asset",
      "cacheable": false,
      "url": "/resources/sounds/Poll.mp3",
      "size": 28338,
      "hash": "eda30178694204fd2b8a515c83609fafe4588fa6",
      "sri": "AN+qMwZhGBm0RQFAvjVWkm0jK29xJUHphXYrdbwAQtIgL7FoEdofXDEmHxiuCDdYTJ7pczeWTSRHpjm1cjwCcw=="
    },
    {
      "path": "app/resources/sounds/ScreenshareOff.mp3",
      "where": "client",
      "type": "asset",
      "cacheable": false,
      "url": "/resources/sounds/ScreenshareOff.mp3",
      "size": 40805,
      "hash": "c297d1df52dbf7b11c9a451a2a27577010dae794",
      "sri": "LWAml1sjMni6z8kqQGHChf6j2cY7XUATLMW24/UwGSoytjntQmK2B1OBqCRORoSE5QNPNRw7FCEuNfMPJG+yHw=="
    },
    {
      "path": "app/resources/sounds/audioSample.mp3",
      "where": "client",
      "type": "asset",
      "cacheable": false,
      "url": "/resources/sounds/audioSample.mp3",
      "size": 43885,
      "hash": "0ff59469dd6edb4db903362893a70173e1e19039",
      "sri": "CvaglId3d0VQmjmYo2EpGncQQA5zHzZKUK/wefwkEsU8RZxycF2pDJUwna1UmbaFZqn+QHWnCpK6xu0LYjWPcw=="
    },
    {
      "path": "app/resources/sounds/notify.mp3",
      "where": "client",
      "type": "asset",
      "cacheable": false,
      "url": "/resources/sounds/notify.mp3",
      "size": 10702,
      "hash": "0764cc74f0f3fd7f1e5fd9dc58b3156e9500d892",
      "sri": "/gB91tkgVcW6SMM8IbJhkua03tej42vcoaEDmURtPJQJK+uOFDsPl9trk4T3x6yoEXroQ8zDJG6yhlR73ByWSA=="
    },
    {
      "path": "app/resources/sounds/silence.mp3",
      "where": "client",
      "type": "asset",
      "cacheable": false,
      "url": "/resources/sounds/silence.mp3",
      "size": 34560,
      "hash": "e81c79fe5dd45d645cbfac35508c0248d6517f1b",
      "sri": "Qdrs5bAeim7NmPc5pw/X1pyYGeAbQwTsQiTdn4iKynbN/EnD31fLTBehr97wwfGZ19KSehv+ieafzbF/NTFvjA=="
    },
    {
      "path": "app/resources/sounds/userJoin.mp3",
      "where": "client",
      "type": "asset",
      "cacheable": false,
      "url": "/resources/sounds/userJoin.mp3",
      "size": 10702,
      "hash": "0764cc74f0f3fd7f1e5fd9dc58b3156e9500d892",
      "sri": "/gB91tkgVcW6SMM8IbJhkua03tej42vcoaEDmURtPJQJK+uOFDsPl9trk4T3x6yoEXroQ8zDJG6yhlR73ByWSA=="
    },
    {
      "path": "app/resources/images/video-menu/icon-swap.svg",
      "where": "client",
      "type": "asset",
      "cacheable": false,
      "url": "/resources/images/video-menu/icon-swap.svg",
      "size": 3551,
      "hash": "cac6bcfa9ad3735e07143a6e19da7f95ccad2fdb",
      "sri": "FSqkVueS3ocokLBTRJw3IPBJKzpVT5G57Qq87Ngg+OTOYho34nvFgY6vuU0ct8px8lOx/SSOxoHFpiXHs3TMow=="
    },
    {
      "path": "app/resources/images/video-menu/icon-webcam-off.svg",
      "where": "client",
      "type": "asset",
      "cacheable": false,
      "url": "/resources/images/video-menu/icon-webcam-off.svg",
      "size": 2173,
      "hash": "10186ca0301089453bbb7df8776512bc9816e81e",
      "sri": "kDUaVGmUB1+TcrxnqH9g1G51FfN4usWvIEt/cKRh1Dd477lzovXT+roaig5Gq/zgOpREdHdHtvXo/8Vs78x5Hg=="
    },
    {
      "path": "app/resources/images/whiteboard-cursor-Old/ellipse.png",
      "where": "client",
      "type": "asset",
      "cacheable": false,
      "url": "/resources/images/whiteboard-cursor-Old/ellipse.png",
      "size": 926,
      "hash": "e8df45f80801e77d5e6fd0682703446eb26b8f9d",
      "sri": "KwSTFh5ZgNPKYz56k2YJoveSzOqXQepsFXHSdE3BuN6BwfNrF7vRD5QwHvv6Sw+TwlfAWbE9LDR2ufMNs4OCkg=="
    },
    {
      "path": "app/resources/images/whiteboard-cursor-Old/ellipse.svg",
      "where": "client",
      "type": "asset",
      "cacheable": false,
      "url": "/resources/images/whiteboard-cursor-Old/ellipse.svg",
      "size": 3584,
      "hash": "21a46e2c5dda63957eac1861d91bc56c65787d74",
      "sri": "R+H86iwuB31mstsvwdGgSQxm5da/f9vmULZpFYsevhyf8W3CY5tOCW4e+FUPdOS4NjDSmhVRsQHyp1nbkybSSQ=="
    },
    {
      "path": "app/resources/images/whiteboard-cursor-Old/line.png",
      "where": "client",
      "type": "asset",
      "cacheable": false,
      "url": "/resources/images/whiteboard-cursor-Old/line.png",
      "size": 336,
      "hash": "297715f921a8664cac4c5e55d92688d43257cfb5",
      "sri": "vF9RX7tHKOvCJvZGqXWmX/jzDaKyUBrAqoGibfu3SutIpD9lYuTTXXpDpA4B20/ZsMbVM3PecHt0F0RYmIYvWQ=="
    },
    {
      "path": "app/resources/images/whiteboard-cursor-Old/line.svg",
      "where": "client",
      "type": "asset",
      "cacheable": false,
      "url": "/resources/images/whiteboard-cursor-Old/line.svg",
      "size": 3665,
      "hash": "8fd6f48b6a6deb1931064b6fe27046b48f212433",
      "sri": "J6ElZcPf6OmjgEeK4+yDDZiOJT2yCb/OWuLnunqO/e8SBNc6RJoH+rAszZIdxo1XujLziOcB6qMsQFM8zNUaLA=="
    },
    {
      "path": "app/resources/images/whiteboard-cursor-Old/pan-closed.png",
      "where": "client",
      "type": "asset",
      "cacheable": false,
      "url": "/resources/images/whiteboard-cursor-Old/pan-closed.png",
      "size": 605,
      "hash": "7e0a5b1a25c38fa834f088f02413ed278addb3af",
      "sri": "N45G8qJyHBn4nFDr0Qq1DMs6SQ51Sf0IcQ+7n2d6pAUUPgHD0Y+x9/iwGkjTCCQRBmwqjxLAUc1Mr1nXip/X7g=="
    },
    {
      "path": "app/resources/images/whiteboard-cursor-Old/pan-closed.svg",
      "where": "client",
      "type": "asset",
      "cacheable": false,
      "url": "/resources/images/whiteboard-cursor-Old/pan-closed.svg",
      "size": 2844,
      "hash": "f1193453702dc600a62fd55b51d6d578b1d2b6b6",
      "sri": "KJeQMl45fHNIW43dXrKrCHi19JpySfwa+mjIZRSD2Z+j/lheUGh03zauiPcum6yQlOvShKSMAXLcK1z9hZThKA=="
    },
    {
      "path": "app/resources/images/whiteboard-cursor-Old/pan.png",
      "where": "client",
      "type": "asset",
      "cacheable": false,
      "url": "/resources/images/whiteboard-cursor-Old/pan.png",
      "size": 919,
      "hash": "ef9463129464dc134c21faf6253630a45bc61a96",
      "sri": "RuKDfHyls5YnhS7SR6BLlc2JNv0DrSY5+rcXhlMCKpkVoSIrKS0DbTOsN9uOe2heUsf4+EcvDKecebX4Wd2W9Q=="
    },
    {
      "path": "app/resources/images/whiteboard-cursor-Old/pan.svg",
      "where": "client",
      "type": "asset",
      "cacheable": false,
      "url": "/resources/images/whiteboard-cursor-Old/pan.svg",
      "size": 1494,
      "hash": "ad4fe6b24ac7c292850f65788b9bf50643c8e63b",
      "sri": "39G4ordyHzsG45JJL6Oi0M53nLxS0uXn66iRcw5WGCOfaUpfTRY4XRAbw2HE2uoTyIqUPsX2MwzP2I9nueAPIw=="
    },
    {
      "path": "app/resources/images/whiteboard-cursor-Old/pencil.png",
      "where": "client",
      "type": "asset",
      "cacheable": false,
      "url": "/resources/images/whiteboard-cursor-Old/pencil.png",
      "size": 850,
      "hash": "9c57667730a966756e7fcbe637848134366d33aa",
      "sri": "h69jlsgok7eRK85fSZHauwzX5+jy6L0HWlY3j3qtSZQuf8mXTWXMOPtstG/+3jhfwlKdFFrJWifWu0YRgGjSoQ=="
    },
    {
      "path": "app/resources/images/whiteboard-cursor-Old/pencil.svg",
      "where": "client",
      "type": "asset",
      "cacheable": false,
      "url": "/resources/images/whiteboard-cursor-Old/pencil.svg",
      "size": 6792,
      "hash": "febccaa5504594cc070ada8f90a31ae030eed816",
      "sri": "ttiIEAAJ2PuHGSIY3zh/KQTiWMDC8pz5qKviKRKctz6bmSMfXkJFGjSiRt72lWzZIV9a/j+8TCdcqADHH7bFOA=="
    },
    {
      "path": "app/resources/images/whiteboard-cursor-Old/square.png",
      "where": "client",
      "type": "asset",
      "cacheable": false,
      "url": "/resources/images/whiteboard-cursor-Old/square.png",
      "size": 345,
      "hash": "8d6d58db730b921ad4957339a63d4f5fd46c06cf",
      "sri": "q4f81/2TIZETrknrE1bYL5DUVScRQE8CV79HA3eED0Pt18X6gzTABteRp5anDN0pqCZ5G28TUiV7pIcOVDjv8w=="
    },
    {
      "path": "app/resources/images/whiteboard-cursor-Old/square.svg",
      "where": "client",
      "type": "asset",
      "cacheable": false,
      "url": "/resources/images/whiteboard-cursor-Old/square.svg",
      "size": 3565,
      "hash": "acc37d57778cc3d59476a8c92b1e92078211b881",
      "sri": "I1lMQRcttWiUJudD4bQigtHxeMkV+atSi6Nl3K0Aapshp1Xz2O4fCOn2MDUa5Ur7R2115q3Swop/LdPGcC3LvA=="
    },
    {
      "path": "app/resources/images/whiteboard-cursor-Old/text.png",
      "where": "client",
      "type": "asset",
      "cacheable": false,
      "url": "/resources/images/whiteboard-cursor-Old/text.png",
      "size": 621,
      "hash": "b937a97a501247e483aa3c4a3cd2531c76f37c84",
      "sri": "zL96Ey2z0AvEzVmLqpL94HxFCKgDLeLr9znsIVLoc2bYY9NGtOyy6BnZW+GEMnmcuivp0S/6Bm9sDIEkTwUv0w=="
    },
    {
      "path": "app/resources/images/whiteboard-cursor-Old/text.svg",
      "where": "client",
      "type": "asset",
      "cacheable": false,
      "url": "/resources/images/whiteboard-cursor-Old/text.svg",
      "size": 9398,
      "hash": "687290f6e8537c084039d8b7064294162b0d98a7",
      "sri": "3kgo8xa9FWXt7SbA2rkj1ddIUKrbuBVim03xLTVEt9F3Rgy6w+dDTm1OMGbnjjJWoK2B+E6Up/SlS5z9itxfpQ=="
    },
    {
      "path": "app/resources/images/whiteboard-cursor-Old/triangle.png",
      "where": "client",
      "type": "asset",
      "cacheable": false,
      "url": "/resources/images/whiteboard-cursor-Old/triangle.png",
      "size": 939,
      "hash": "21e7a26e07b0aa856178ebb0b09ab3585c9caaad",
      "sri": "/V4wp8EvGrWepuwFU+Hj6lOKlncxlVZf3of6QhwGalWHjggxWmJMw+eBdm2ZxmbF56QFb8Z7RbIOK5NKnt7S3g=="
    },
    {
      "path": "app/resources/images/whiteboard-cursor-Old/triangle.svg",
      "where": "client",
      "type": "asset",
      "cacheable": false,
      "url": "/resources/images/whiteboard-cursor-Old/triangle.svg",
      "size": 3634,
      "hash": "e983cbeab7d237ca4b2033a1d284e3f7c414cbfb",
      "sri": "fBRbQ8Vp/V+QmyKXSsv6a1KP/kul8FnwtFdqE5y2hElj5h65pbscwnBDfiJrGtiNk2R46D9AGbwtoaEt2Lp4TQ=="
    },
    {
      "path": "app/resources/images/whiteboard-cursor/ellipse.png",
      "where": "client",
      "type": "asset",
      "cacheable": false,
      "url": "/resources/images/whiteboard-cursor/ellipse.png",
      "size": 1351,
      "hash": "1856b2c279933c68f0b85d3987c5848adab89a9d",
      "sri": "kG7k9hg27x+y6S0lYQHKDZkug0Ps0+ex2To74mn0KgKhgjaCjgTydPQkCKxay1yvpP1zBFUSp5MnxpiZDYmXTw=="
    },
    {
      "path": "app/resources/images/whiteboard-cursor/ellipse.svg",
      "where": "client",
      "type": "asset",
      "cacheable": false,
      "url": "/resources/images/whiteboard-cursor/ellipse.svg",
      "size": 3142,
      "hash": "ee64ff68b062ac48803bab16e576a143f33c1ea6",
      "sri": "Y/Zfbidf0JzfNcJVgHHzgXgTEeNHRLkvlXfU4jwgnhnOsipY35l9fWnOh+cPPBHFYWdP8kXQozuYfgRNtbmDew=="
    },
    {
      "path": "app/resources/images/whiteboard-cursor/line.png",
      "where": "client",
      "type": "asset",
      "cacheable": false,
      "url": "/resources/images/whiteboard-cursor/line.png",
      "size": 1294,
      "hash": "697b32fe3f65fca0d829c77867ea153517ada397",
      "sri": "2j1rRMyPln01QHPzLhEg8kGBQiJ2whnzqNozF0N6t3M2tlnzUHTvxc2zeD06Bnub7Z1L1aZ4UHnOAx8g/m6A7w=="
    },
    {
      "path": "app/resources/images/whiteboard-cursor/line.svg",
      "where": "client",
      "type": "asset",
      "cacheable": false,
      "url": "/resources/images/whiteboard-cursor/line.svg",
      "size": 3391,
      "hash": "80de46375a49ca87b5b9cf3267b75cd52a527b64",
      "sri": "BwBfNZhs+WmugtP4b2MogRJeHOT+9Erndm+64MDbObPFjBQZaZAxQz/jJ7xEAE/ZM3L7TQ2CYbrz/EyhoiPiZw=="
    },
    {
      "path": "app/resources/images/whiteboard-cursor/pan-closed.png",
      "where": "client",
      "type": "asset",
      "cacheable": false,
      "url": "/resources/images/whiteboard-cursor/pan-closed.png",
      "size": 1412,
      "hash": "1e6453ca592611bc0f2d8d1af5dc5d42434efd8b",
      "sri": "eN3GoNJLraz95BYKZxRRYlxg+h1sLiYqkyI9B906sV6bV9LPyag7/npcUPEa3XtOTVLpYeRpQ3gGT+16qsO3bA=="
    },
    {
      "path": "app/resources/images/whiteboard-cursor/pan-closed.svg",
      "where": "client",
      "type": "asset",
      "cacheable": false,
      "url": "/resources/images/whiteboard-cursor/pan-closed.svg",
      "size": 2874,
      "hash": "75a13ba1af7ab20e73e852ffae0cc33ef4787735",
      "sri": "kNfNJZYZ7Csu+pTxp1zwat05rQHAn0mT9Cy2n42HHPry5n0fJadLhTl/zZWlf6Nmg7+GoHHg21khtdWCrXZ9NA=="
    },
    {
      "path": "app/resources/images/whiteboard-cursor/pan.png",
      "where": "client",
      "type": "asset",
      "cacheable": false,
      "url": "/resources/images/whiteboard-cursor/pan.png",
      "size": 1715,
      "hash": "2ce6e2f9af36a8ff601b85d052682b0ab1196f5e",
      "sri": "09d6IXH4FKXtnapMrBrGyYpw5fY8nTc0UXnXCcUoWiaZ6CarfwuRCI6mOthAs1wU47gSqSSsbCEIS+moVvR+kQ=="
    },
    {
      "path": "app/resources/images/whiteboard-cursor/pan.svg",
      "where": "client",
      "type": "asset",
      "cacheable": false,
      "url": "/resources/images/whiteboard-cursor/pan.svg",
      "size": 1940,
      "hash": "abdcae2238f973d9df6b146a1860d38d85f6f61c",
      "sri": "Xs3uPfFsladuu+31ohR3jsQbe3rh8zk+muCT02hoiPbm/I3c5Brdlt1Ajp2iom82nV8pm1lh0MU9gYOIwgtG/Q=="
    },
    {
      "path": "app/resources/images/whiteboard-cursor/pencil.png",
      "where": "client",
      "type": "asset",
      "cacheable": false,
      "url": "/resources/images/whiteboard-cursor/pencil.png",
      "size": 1802,
      "hash": "59dfd8644bfde6fc5be0963c4ab6c1577f57578c",
      "sri": "l/1Yk1tVJYn2mUsVqDZNVltsqYipHyI/h8bcv553Trx0qvsl6XNniA2hgNeF4yfJe62fbYnKMCcYt5lsCAlR+Q=="
    },
    {
      "path": "app/resources/images/whiteboard-cursor/pencil.svg",
      "where": "client",
      "type": "asset",
      "cacheable": false,
      "url": "/resources/images/whiteboard-cursor/pencil.svg",
      "size": 4593,
      "hash": "c77b7128c21f7c641075fa5edc8bb1b1af73cc91",
      "sri": "GksV0hSNRV3f74447DOdV2CBzv1NplMpyzwID7S9skvUnV53ZITvhXakkgNZB/VcU9PzCAa7wUA2I1wpXe3iQQ=="
    },
    {
      "path": "app/resources/images/whiteboard-cursor/square.png",
      "where": "client",
      "type": "asset",
      "cacheable": false,
      "url": "/resources/images/whiteboard-cursor/square.png",
      "size": 1167,
      "hash": "5aedcd9df9b7da7c02644e0c016eeb360eafd363",
      "sri": "k3lfJzkRwd0Y2MB1e8e3r5WcKR9rc01d4V/czZolZ3S8Pcf0Vg6GEWkH1IpreVebiQZ+Iqkfj8w/ZILdbKDyUw=="
    },
    {
      "path": "app/resources/images/whiteboard-cursor/square.svg",
      "where": "client",
      "type": "asset",
      "cacheable": false,
      "url": "/resources/images/whiteboard-cursor/square.svg",
      "size": 3087,
      "hash": "74f9fab1b51f2d2184786e2bf1232c5cea6de97d",
      "sri": "6IC/dG77rD1rx+djBW7BBrMjQwlQEk6zURXVXk6CHZakoD41mGWU4dCkT7MwvTZywALuc327keGQXsbmPt9zHw=="
    },
    {
      "path": "app/resources/images/whiteboard-cursor/text.png",
      "where": "client",
      "type": "asset",
      "cacheable": false,
      "url": "/resources/images/whiteboard-cursor/text.png",
      "size": 1456,
      "hash": "1117152e0e6bdf3becbb96a6da47490755f41741",
      "sri": "ciywPFJB54eprl/sq3u4VDBtLBmnRw7iblLcmrylwNOubrDd1HaTwh/FrKhHnoODADjZbInMy4OwSja2jbUrnQ=="
    },
    {
      "path": "app/resources/images/whiteboard-cursor/text.svg",
      "where": "client",
      "type": "asset",
      "cacheable": false,
      "url": "/resources/images/whiteboard-cursor/text.svg",
      "size": 7641,
      "hash": "a18c785dc12cf45f613fc5758483d7576944c3d9",
      "sri": "yQeNJzjYiO6pRdeFb9QvGsx2BrPXR1IP7x1lL+UvbmRANROcPi21HOihtYbjF9Y5VyCFTIiwxPPVKpBy2zIsYQ=="
    },
    {
      "path": "app/resources/images/whiteboard-cursor/triangle.png",
      "where": "client",
      "type": "asset",
      "cacheable": false,
      "url": "/resources/images/whiteboard-cursor/triangle.png",
      "size": 1386,
      "hash": "63301712f083dcf3864aec9bcaea7d9002832d9a",
      "sri": "+y3g34Be+ejmHsio1Ij7pS7DDuMrTt/58/gwLKpsp8voygYSOVAI/1SbIsyfSu1PrV4d9CqP9NN3k44fJ4Lluw=="
    },
    {
      "path": "app/resources/images/whiteboard-cursor/triangle.svg",
      "where": "client",
      "type": "asset",
      "cacheable": false,
      "url": "/resources/images/whiteboard-cursor/triangle.svg",
      "size": 3443,
      "hash": "255da6e1f7676beece05cad8f2ce1873caa175d4",
      "sri": "sAbDNcloJ+RjC1py2rVS5XtRfMV+brwTa2Hf0O3WRhNKavF9aoN/BG1OsLW603ZU3+AXC2bb+j6jLYnecCRlRQ=="
    },
    {
      "path": "head.html",
      "where": "internal",
      "type": "head",
      "hash": "9b30471d569396c642b3d22d9d9e16733c8f2ec6"
    },
    {
      "path": "body.html",
      "where": "internal",
      "type": "body",
      "hash": "cb95d2f9f21a00ed38f167f61b21298565aeffab"
    }
  ]
}