{
  "minifier": {
    "name": "standard-minifier-js",
    "version": "2.4.0"
  },
  "totalMinifiedBytes": 5018163,
  "totalMinifiedGzipBytes": 1296770,
  "minifiedBytesByPackage": {
    "packages/meteor.js": 9484,
    "packages/meteor-base.js": 31,
    "packages/mobile-experience.js": 37,
    "packages/modules-runtime.js": 4199,
    "packages/modules.js": [
      2792541,
      {
        "node_modules": {
          "meteor": {
            "modules": {
              "client.js": 124,
              "css.js": 261,
              "install-packages.js": 2119,
              "process.js": 347,
              "reify.js": 71,
              "stubs.js": 97,
              "node_modules": {
                "reify": {
                  "lib": {
                    "runtime": {
                      "index.js": 933,
                      "utils.js": 1217,
                      "entry.js": 3299
                    }
                  }
                }
              }
            }
          },
          "react-notifications-component": {
            "dist": {
              "theme.css": 4611,
              "index.js": 77,
              "js": {
                "react-notifications.prod.js": 19940,
                "react-notifications.dev.js": 57233
              }
            },
            "package.json": 102
          },
          "react": {
            "package.json": 75,
            "index.js": 74,
            "cjs": {
              "react.production.min.js": 6201,
              "react.development.js": 27
            }
          },
          "object-assign": {
            "package.json": 65,
            "index.js": 940
          },
          "prop-types": {
            "checkPropTypes.js": 134,
            "lib": {
              "ReactPropTypesSecret.js": 94
            },
            "package.json": 79,
            "index.js": 68,
            "factoryWithTypeCheckers.js": 5641,
            "factoryWithThrowingShims.js": 676
          },
          "react-dom": {
            "package.json": 175,
            "index.js": 287,
            "cjs": {
              "react-dom.production.min.js": 116967,
              "react-dom.development.js": 29
            }
          },
          "scheduler": {
            "package.json": 78,
            "index.js": 78,
            "cjs": {
              "scheduler.production.min.js": 4602,
              "scheduler.development.js": 27,
              "scheduler-tracing.production.min.js": 368,
              "scheduler-tracing.development.js": 27
            },
            "tracing.js": 86
          },
          "@babel": {
            "runtime": {
              "helpers": {
                "interopRequireDefault.js": 79,
                "objectWithoutProperties.js": 311,
                "objectWithoutPropertiesLoose.js": 162,
                "objectSpread.js": 388,
                "defineProperty.js": 148,
                "extends.js": 246,
                "interopRequireWildcard.js": 585,
                "typeof.js": 283,
                "assertThisInitialized.js": 151,
                "inheritsLoose.js": 123
              },
              "package.json": 584
            }
          },
          "lodash": {
            "package.json": 77,
            "lodash.js": 72267,
            "fp.js": 93,
            "lodash.min.js": 71652,
            "fp": {
              "_baseConvert.js": 4305,
              "_mapping.js": 6729,
              "placeholder.js": 29
            },
            "isString.js": 173,
            "_baseGetTag.js": 232,
            "_Symbol.js": 56,
            "_root.js": 145,
            "_freeGlobal.js": 78,
            "_getRawTag.js": 250,
            "_objectToString.js": 93,
            "isArray.js": 48,
            "isObjectLike.js": 77,
            "forOwn.js": 112,
            "_baseForOwn.js": 99,
            "_baseFor.js": 60,
            "_createBaseFor.js": 167,
            "keys.js": 132,
            "_arrayLikeKeys.js": 467,
            "_baseTimes.js": 94,
            "isArguments.js": 247,
            "_baseIsArguments.js": 133,
            "isBuffer.js": 215,
            "stubFalse.js": 50,
            "_isIndex.js": 185,
            "isTypedArray.js": 129,
            "_baseIsTypedArray.js": 804,
            "isLength.js": 110,
            "_baseUnary.js": 74,
            "_nodeUtil.js": 285,
            "_baseKeys.js": 228,
            "_isPrototype.js": 140,
            "_nativeKeys.js": 72,
            "_overArg.js": 79,
            "isArrayLike.js": 119,
            "isFunction.js": 243,
            "isObject.js": 102,
            "_castFunction.js": 95,
            "identity.js": 51,
            "isPlainObject.js": 382,
            "_getPrototype.js": 82,
            "map.js": 158,
            "_arrayMap.js": 122,
            "_baseIteratee.js": 237,
            "_baseMatches.js": 219,
            "_baseIsMatch.js": 409,
            "_Stack.js": 307,
            "_ListCache.js": 348,
            "_listCacheClear.js": 70,
            "_listCacheDelete.js": 194,
            "_assocIndexOf.js": 118,
            "eq.js": 69,
            "_listCacheGet.js": 124,
            "_listCacheHas.js": 98,
            "_listCacheSet.js": 154,
            "_stackClear.js": 97,
            "_stackDelete.js": 102,
            "_stackGet.js": 70,
            "_stackHas.js": 70,
            "_stackSet.js": 293,
            "_Map.js": 76,
            "_getNative.js": 124,
            "_baseIsNative.js": 420,
            "_isMasked.js": 161,
            "_coreJsData.js": 71,
            "_toSource.js": 157,
            "_getValue.js": 71,
            "_MapCache.js": 343,
            "_mapCacheClear.js": 160,
            "_Hash.js": 323,
            "_hashClear.js": 107,
            "_nativeCreate.js": 71,
            "_hashDelete.js": 111,
            "_hashGet.js": 225,
            "_hashHas.js": 160,
            "_hashSet.js": 183,
            "_mapCacheDelete.js": 119,
            "_getMapData.js": 141,
            "_isKeyable.js": 140,
            "_mapCacheGet.js": 91,
            "_mapCacheHas.js": 91,
            "_mapCacheSet.js": 142,
            "_baseIsEqual.js": 175,
            "_baseIsEqualDeep.js": 699,
            "_equalArrays.js": 571,
            "_SetCache.js": 238,
            "_setCacheAdd.js": 111,
            "_setCacheHas.js": 70,
            "_arraySome.js": 118,
            "_cacheHas.js": 60,
            "_equalByTag.js": 949,
            "_Uint8Array.js": 60,
            "_mapToArray.js": 115,
            "_setToArray.js": 109,
            "_equalObjects.js": 698,
            "_getAllKeys.js": 122,
            "_baseGetAllKeys.js": 122,
            "_arrayPush.js": 107,
            "_getSymbols.js": 237,
            "_arrayFilter.js": 136,
            "stubArray.js": 50,
            "_getTag.js": 592,
            "_DataView.js": 81,
            "_Promise.js": 80,
            "_Set.js": 76,
            "_WeakMap.js": 80,
            "_getMatchData.js": 164,
            "_isStrictComparable.js": 83,
            "_matchesStrictComparable.js": 121,
            "_baseMatchesProperty.js": 298,
            "get.js": 118,
            "_baseGet.js": 168,
            "_castPath.js": 155,
            "_isKey.js": 292,
            "isSymbol.js": 149,
            "_stringToPath.js": 304,
            "_memoizeCapped.js": 143,
            "memoize.js": 362,
            "toString.js": 92,
            "_baseToString.js": 294,
            "_toKey.js": 147,
            "hasIn.js": 111,
            "_baseHasIn.js": 75,
            "_hasPath.js": 328,
            "property.js": 153,
            "_baseProperty.js": 89,
            "_basePropertyDeep.js": 98,
            "_baseMap.js": 170,
            "_baseEach.js": 83,
            "_createBaseEach.js": 217,
            "cloneDeep.js": 90,
            "_baseClone.js": 1824,
            "_arrayEach.js": 113,
            "_assignValue.js": 187,
            "_baseAssignValue.js": 159,
            "_defineProperty.js": 137,
            "_baseAssign.js": 105,
            "_copyObject.js": 242,
            "_baseAssignIn.js": 107,
            "keysIn.js": 137,
            "_baseKeysIn.js": 253,
            "_nativeKeysIn.js": 104,
            "_cloneBuffer.js": 294,
            "_copyArray.js": 110,
            "_copySymbols.js": 109,
            "_copySymbolsIn.js": 111,
            "_getSymbolsIn.js": 205,
            "_getAllKeysIn.js": 126,
            "_initCloneArray.js": 208,
            "_initCloneByTag.js": 886,
            "_cloneArrayBuffer.js": 137,
            "_cloneDataView.js": 158,
            "_cloneRegExp.js": 132,
            "_cloneSymbol.js": 137,
            "_cloneTypedArray.js": 154,
            "_initCloneObject.js": 168,
            "_baseCreate.js": 205,
            "isMap.js": 115,
            "_baseIsMap.js": 123,
            "isSet.js": 115,
            "_baseIsSet.js": 123,
            "merge.js": 106,
            "_baseMerge.js": 329,
            "_assignMergeValue.js": 144,
            "_baseMergeDeep.js": 710,
            "isArrayLikeObject.js": 107,
            "_safeGet.js": 120,
            "toPlainObject.js": 100,
            "_createAssigner.js": 321,
            "_baseRest.js": 131,
            "_overRest.js": 272,
            "_apply.js": 209,
            "_setToString.js": 82,
            "_baseSetToString.js": 192,
            "constant.js": 70,
            "_shortOut.js": 203,
            "_isIterateeCall.js": 225,
            "throttle.js": 288,
            "debounce.js": 997,
            "now.js": 81,
            "toNumber.js": 417,
            "each.js": 41,
            "forEach.js": 158,
            "isUndefined.js": 60
          },
          "browser-bunyan": {
            "package.json": 88,
            "lib": {
              "index.js": 10134
            }
          },
          "@browser-bunyan": {
            "console-formatted-stream": {
              "package.json": 114,
              "lib": {
                "index.js": 1578
              }
            },
            "console-raw-stream": {
              "package.json": 108,
              "lib": {
                "index.js": 368
              }
            },
            "server-stream": {
              "package.json": 103,
              "lib": {
                "index.js": 2067
              }
            },
            "levels": {
              "package.json": 96,
              "lib": {
                "index.js": 321
              }
            }
          },
          "react-is": {
            "package.json": 78,
            "index.js": 77,
            "cjs": {
              "react-is.production.min.js": 2137,
              "react-is.development.js": 27
            }
          },
          "react-intl": {
            "package.json": 147,
            "locale-data": {
              "index.js": 12,
              "ar.js": 7127,
              "az.js": 3501,
              "bg.js": 1902,
              "bn.js": 2106,
              "ca.js": 3008,
              "cs.js": 2120,
              "da.js": 1647,
              "de.js": 1743,
              "el.js": 1960,
              "en.js": 7276,
              "es.js": 13703,
              "et.js": 1585,
              "eu.js": 1541,
              "fa.js": 1720,
              "fi.js": 1714,
              "fr.js": 4403,
              "gl.js": 1484,
              "gu.js": 2193,
              "he.js": 2513,
              "hi.js": 2007,
              "hr.js": 1977,
              "hu.js": 1637,
              "hy.js": 1753,
              "id.js": 1237,
              "it.js": 1632,
              "ja.js": 1137,
              "ka.js": 2053,
              "km.js": 1656,
              "kn.js": 2267,
              "ko.js": 1181,
              "lt.js": 2312,
              "lv.js": 2138,
              "ml.js": 2317,
              "mr.js": 2274,
              "nb.js": 1571,
              "ne.js": 2136,
              "nl.js": 1782,
              "or.js": 1102,
              "pa.js": 3007,
              "pl.js": 2214,
              "ro.js": 1926,
              "ru.js": 3051,
              "sk.js": 2085,
              "sl.js": 2115,
              "sr.js": 4091,
              "sv.js": 1740,
              "ta.js": 2632,
              "te.js": 2181,
              "th.js": 1769,
              "tr.js": 1513,
              "uk.js": 2951,
              "vi.js": 1289,
              "zh.js": 5705
            },
            "lib": {
              "index.js": 20352
            },
            "node_modules": {
              "hoist-non-react-statics": {
                "package.json": 118,
                "dist": {
                  "hoist-non-react-statics.cjs.js": 661
                }
              }
            }
          },
          "intl-messageformat": {
            "package.json": 137,
            "lib": {
              "locales.js": 12,
              "main.js": 143,
              "core.js": 2969,
              "utils.js": 235,
              "es5.js": 474,
              "compiler.js": 2629,
              "en.js": 271
            },
            "index.js": 104
          },
          "intl-messageformat-parser": {
            "package.json": 93,
            "index.js": 79,
            "lib": {
              "parser.js": 10423
            }
          },
          "intl-relativeformat": {
            "package.json": 138,
            "lib": {
              "locales.js": 12,
              "main.js": 192,
              "core.js": 4139,
              "diff.js": 651,
              "es5.js": 872,
              "en.js": 2934
            },
            "index.js": 104
          },
          "invariant": {
            "package.json": 102,
            "browser.js": 381
          },
          "intl-format-cache": {
            "package.json": 85,
            "index.js": 73,
            "dist": {
              "index.js": 489
            }
          },
          "react-toastify": {
            "package.json": 86,
            "lib": {
              "index.js": 437,
              "components": {
                "ToastContainer.js": 6773,
                "Toast.js": 6498,
                "ProgressBar.js": 1451,
                "CloseButton.js": 481,
                "Transitions.js": 587
              },
              "utils": {
                "constant.js": 418,
                "propValidator.js": 810,
                "cssTransition.js": 1257,
                "eventManager.js": 486
              },
              "toast.js": 1963
            }
          },
          "classnames": {
            "package.json": 78,
            "index.js": 538
          },
          "react-transition-group": {
            "TransitionGroup.js": 2130,
            "utils": {
              "ChildMapping.js": 1369,
              "PropTypes.js": 226
            },
            "Transition.js": 4405,
            "package.json": 90,
            "index.js": 302,
            "CSSTransition.js": 2994,
            "node_modules": {
              "dom-helpers": {
                "class": {
                  "addClass.js": 355,
                  "hasClass.js": 210,
                  "removeClass.js": 338
                }
              }
            },
            "ReplaceTransition.js": 2261
          },
          "react-lifecycles-compat": {
            "package.json": 113,
            "react-lifecycles-compat.cjs.js": 2402
          },
          "react-modal": {
            "package.json": 85,
            "lib": {
              "index.js": 204,
              "components": {
                "Modal.js": 5299,
                "ModalPortal.js": 7242
              },
              "helpers": {
                "focusManager.js": 1110,
                "tabbable.js": 736,
                "scopeTab.js": 709,
                "ariaAppHider.js": 1052,
                "safeHTMLElement.js": 256,
                "classList.js": 565
              }
            },
            "node_modules": {
              "warning": {
                "package.json": 98,
                "browser.js": 60
              }
            }
          },
          "exenv": {
            "package.json": 73,
            "index.js": 454
          },
          "browser-detect": {
            "package.json": 101,
            "dist": {
              "browser-detect.umd.js": 11060
            }
          },
          "@jitsi": {
            "sdp-interop": {
              "package.json": 85,
              "lib": {
                "index.js": 39,
                "interop.js": 7340,
                "transform.js": 1295,
                "array-equals.js": 251
              },
              "node_modules": {
                "sdp-transform": {
                  "package.json": 79,
                  "lib": {
                    "index.js": 320,
                    "parser.js": 1445,
                    "grammar.js": 5293,
                    "writer.js": 1236
                  }
                }
              }
            }
          },
          "sdp-transform": {
            "package.json": 79,
            "lib": {
              "index.js": 320,
              "parser.js": 1485,
              "grammar.js": 5730,
              "writer.js": 1236
            }
          },
          "tippy.js": {
            "package.json": 85,
            "dist": {
              "tippy.all.js": 53233
            }
          },
          "react-autosize-textarea": {
            "package.json": 86,
            "lib": {
              "index.js": 102,
              "TextareaAutosize.js": 2698
            }
          },
          "autosize": {
            "package.json": 84,
            "dist": {
              "autosize.js": 3538
            }
          },
          "line-height": {
            "package.json": 86,
            "lib": {
              "line-height.js": 752
            }
          },
          "computed-style": {
            "package.json": 104,
            "dist": {
              "computedStyle.commonjs.js": 167
            }
          },
          "@fortawesome": {
            "fontawesome-svg-core": {
              "package.json": 102,
              "index.js": 41150
            },
            "free-solid-svg-icons": {
              "package.json": 102,
              "index.js": 669691
            },
            "react-fontawesome": {
              "package.json": 99,
              "index.js": 5475
            },
            "free-regular-svg-icons": {
              "package.json": 104,
              "index.js": 111838
            },
            "free-brands-svg-icons": {
              "package.json": 103,
              "index.js": 475695
            }
          },
          "fastdom": {
            "package.json": 77,
            "fastdom.js": 1456
          },
          "clipboard": {
            "package.json": 86,
            "dist": {
              "clipboard.js": 10674
            }
          },
          "makeup-screenreader-trap": {
            "package.json": 92,
            "index.js": 969,
            "util.js": 854
          },
          "react-player": {
            "package.json": 84,
            "lib": {
              "index.js": 276,
              "players": {
                "index.js": 2876,
                "YouTube.js": 7445,
                "SoundCloud.js": 5183,
                "Vimeo.js": 5745,
                "Facebook.js": 4823,
                "Streamable.js": 4570,
                "Wistia.js": 5658,
                "Twitch.js": 5206,
                "DailyMotion.js": 6179,
                "Mixcloud.js": 4875,
                "Vidyard.js": 5090,
                "FilePlayer.js": 10588
              },
              "utils.js": 3786,
              "patterns.js": 3587,
              "ReactPlayer.js": 7336,
              "props.js": 2298,
              "Player.js": 7266,
              "Preview.js": 4933
            }
          },
          "load-script": {
            "package.json": 63,
            "index.js": 785
          },
          "deepmerge": {
            "package.json": 80,
            "dist": {
              "cjs.js": 1573
            }
          },
          "memoize-one": {
            "package.json": 94,
            "dist": {
              "memoize-one.cjs.js": 352
            }
          },
          "react-fast-compare": {
            "package.json": 86,
            "index.js": 1628
          },
          "react-toggle": {
            "package.json": 95,
            "dist": {
              "component": {
                "index.js": 5017,
                "check.js": 447,
                "x.js": 491,
                "util.js": 263
              }
            }
          },
          "reactstrap": {
            "package.json": 82,
            "lib": {
              "index.js": 4997,
              "Container.js": 805,
              "utils.js": 5638,
              "Row.js": 1045,
              "Col.js": 1506,
              "Navbar.js": 1180,
              "NavbarBrand.js": 670,
              "NavbarText.js": 692,
              "NavbarToggler.js": 887,
              "Nav.js": 1297,
              "NavItem.js": 723,
              "NavLink.js": 1384,
              "Breadcrumb.js": 1029,
              "BreadcrumbItem.js": 761,
              "Button.js": 1943,
              "ButtonToggle.js": 1536,
              "ButtonDropdown.js": 368,
              "Dropdown.js": 5606,
              "DropdownContext.js": 192,
              "ButtonGroup.js": 863,
              "ButtonToolbar.js": 738,
              "DropdownItem.js": 1907,
              "DropdownMenu.js": 2513,
              "DropdownToggle.js": 2176,
              "Fade.js": 2007,
              "Badge.js": 961,
              "Card.js": 1006,
              "CardGroup.js": 670,
              "CardDeck.js": 669,
              "CardColumns.js": 672,
              "CardBody.js": 780,
              "CardLink.js": 778,
              "CardFooter.js": 671,
              "CardHeader.js": 671,
              "CardImg.js": 798,
              "CardImgOverlay.js": 676,
              "Carousel.js": 4836,
              "CarouselItem.js": 3208,
              "UncontrolledCarousel.js": 2818,
              "CarouselControl.js": 963,
              "CarouselIndicators.js": 833,
              "CarouselCaption.js": 641,
              "CardSubtitle.js": 673,
              "CardText.js": 667,
              "CardTitle.js": 670,
              "CustomFileInput.js": 2360,
              "CustomInput.js": 2141,
              "PopperContent.js": 4724,
              "PopperTargetHelper.js": 372,
              "Popover.js": 635,
              "TooltipPopoverWrapper.js": 7388,
              "UncontrolledPopover.js": 1533,
              "PopoverHeader.js": 673,
              "PopoverBody.js": 672,
              "Progress.js": 2500,
              "Modal.js": 9526,
              "Portal.js": 839,
              "ModalHeader.js": 1378,
              "ModalBody.js": 670,
              "ModalFooter.js": 672,
              "Tooltip.js": 651,
              "Table.js": 1473,
              "ListGroup.js": 943,
              "Form.js": 1365,
              "FormFeedback.js": 829,
              "FormGroup.js": 965,
              "FormText.js": 811,
              "Input.js": 2288,
              "InputGroup.js": 733,
              "InputGroupAddon.js": 972,
              "InputGroupText.js": 677,
              "InputGroupButtonDropdown.js": 360,
              "Label.js": 1691,
              "Media.js": 1243,
              "Pagination.js": 1075,
              "PaginationItem.js": 804,
              "PaginationLink.js": 1267,
              "TabContent.js": 1113,
              "TabContext.js": 182,
              "TabPane.js": 829,
              "Jumbotron.js": 731,
              "Alert.js": 2341,
              "Toast.js": 1842,
              "ToastBody.js": 781,
              "ToastHeader.js": 1855,
              "Collapse.js": 3309,
              "ListGroupItem.js": 983,
              "ListGroupItemHeading.js": 679,
              "ListGroupItemText.js": 675,
              "UncontrolledAlert.js": 753,
              "UncontrolledButtonDropdown.js": 1540,
              "UncontrolledCollapse.js": 1444,
              "UncontrolledDropdown.js": 1622,
              "UncontrolledTooltip.js": 1533,
              "Spinner.js": 1009,
              "polyfill.js": 440
            }
          },
          "react-popper": {
            "package.json": 88,
            "lib": {
              "cjs": {
                "index.js": 601,
                "Popper.js": 4159,
                "Manager.js": 1209,
                "utils.js": 648,
                "Reference.js": 1257
              }
            }
          },
          "deep-equal": {
            "package.json": 78,
            "index.js": 1160
          },
          "object-keys": {
            "package.json": 79,
            "index.js": 390,
            "isArguments.js": 276,
            "implementation.js": 1640
          },
          "is-arguments": {
            "package.json": 80,
            "index.js": 480
          },
          "object-is": {
            "package.json": 77,
            "index.js": 223,
            "implementation.js": 139,
            "polyfill.js": 128,
            "shim.js": 176
          },
          "define-properties": {
            "package.json": 85,
            "index.js": 712
          },
          "es-abstract": {
            "helpers": {
              "callBind.js": 405
            },
            "GetIntrinsic.js": 7194
          },
          "function-bind": {
            "package.json": 78,
            "index.js": 94,
            "implementation.js": 717
          },
          "has-symbols": {
            "package.json": 79,
            "index.js": 207,
            "shams.js": 878
          },
          "has": {
            "package.json": 68,
            "src": {
              "index.js": 118
            }
          },
          "is-regex": {
            "package.json": 76,
            "index.js": 646
          },
          "regexp.prototype.flags": {
            "package.json": 90,
            "index.js": 214,
            "node_modules": {
              "es-abstract": {
                "helpers": {
                  "callBind.js": 405
                },
                "GetIntrinsic.js": 6772
              }
            },
            "implementation.js": 332,
            "polyfill.js": 424,
            "shim.js": 441
          },
          "is-date-object": {
            "package.json": 82,
            "index.js": 312
          },
          "popper.js": {
            "package.json": 88,
            "dist": {
              "umd": {
                "popper.js": 21208
              }
            }
          },
          "create-react-context": {
            "package.json": 92,
            "lib": {
              "index.js": 212,
              "implementation.js": 2755
            }
          },
          "gud": {
            "package.json": 71,
            "index.js": 104
          },
          "warning": {
            "package.json": 77,
            "warning.js": 67
          },
          "react-dropzone": {
            "package.json": 87,
            "dist": {
              "index.js": 16572
            }
          },
          "immutability-helper": {
            "package.json": 87,
            "index.js": 3684
          },
          "react-iframe": {
            "package.json": 90,
            "dist": {
              "cjs": {
                "iframe.js": 1721
              }
            }
          },
          "axios": {
            "package.json": 133,
            "lib": {
              "adapters": {
                "http.js": 41,
                "xhr.js": 2030
              },
              "axios.js": 518,
              "utils.js": 2223,
              "helpers": {
                "bind.js": 172,
                "buildURL.js": 656,
                "normalizeHeaderName.js": 169,
                "isAbsoluteURL.js": 100,
                "combineURLs.js": 113,
                "parseHeaders.js": 564,
                "isURLSameOrigin.js": 679,
                "cookies.js": 627,
                "spread.js": 99
              },
              "core": {
                "Axios.js": 1143,
                "InterceptorManager.js": 366,
                "dispatchRequest.js": 720,
                "transformData.js": 126,
                "settle.js": 210,
                "createError.js": 127,
                "enhanceError.js": 384,
                "buildFullPath.js": 147,
                "mergeConfig.js": 943
              },
              "cancel": {
                "isCancel.js": 81,
                "Cancel.js": 182,
                "CancelToken.js": 429
              },
              "defaults.js": 1269
            },
            "index.js": 43
          },
          "react-cookies": {
            "package.json": 88,
            "build": {
              "cookie.js": 1793
            }
          },
          "cookie": {
            "package.json": 58,
            "index.js": 1585
          },
          "jwt-decode": {
            "package.json": 82,
            "lib": {
              "index.js": 399,
              "base64_url_decode.js": 414,
              "atob.js": 541
            }
          },
          "react-copy-to-clipboard": {
            "package.json": 95,
            "lib": {
              "index.js": 102,
              "Component.js": 3196
            }
          },
          "copy-to-clipboard": {
            "package.json": 85,
            "index.js": 1773
          },
          "toggle-selection": {
            "package.json": 84,
            "index.js": 421
          },
          "re-resizable": {
            "package.json": 91,
            "lib": {
              "index.es5.js": 12628
            }
          },
          "react-device-detect": {
            "package.json": 87,
            "main.js": 10682
          },
          "ua-parser-js": {
            "dist": {
              "ua-parser.min.js": 15023
            }
          },
          "react-tabs": {
            "package.json": 82,
            "lib": {
              "index.js": 411,
              "components": {
                "Tabs.js": 1970,
                "UncontrolledTabs.js": 4979,
                "TabList.js": 1308,
                "Tab.js": 2015,
                "TabPanel.js": 1543
              },
              "helpers": {
                "propTypes.js": 1879,
                "childrenDeepMap.js": 1070,
                "elementTypes.js": 250,
                "uuid.js": 128,
                "count.js": 304
              }
            }
          },
          "react-color": {
            "package.json": 84,
            "lib": {
              "index.js": 2252,
              "components": {
                "alpha": {
                  "Alpha.js": 978,
                  "AlphaPointer.js": 592
                },
                "common": {
                  "index.js": 1019,
                  "Alpha.js": 3856,
                  "Checkboard.js": 1059,
                  "EditableInput.js": 4067,
                  "Hue.js": 3857,
                  "Raised.js": 1478,
                  "Saturation.js": 3875,
                  "ColorWrap.js": 2367,
                  "Swatch.js": 1152
                },
                "block": {
                  "Block.js": 2288,
                  "BlockSwatches.js": 777
                },
                "circle": {
                  "Circle.js": 1616,
                  "CircleSwatch.js": 991
                },
                "chrome": {
                  "Chrome.js": 2768,
                  "ChromeFields.js": 5998,
                  "ChromePointer.js": 499,
                  "ChromePointerCircle.js": 463
                },
                "compact": {
                  "Compact.js": 1734,
                  "CompactColor.js": 1029,
                  "CompactFields.js": 1778
                },
                "github": {
                  "Github.js": 2496,
                  "GithubSwatch.js": 670
                },
                "hue": {
                  "Hue.js": 1096,
                  "HuePointer.js": 594
                },
                "material": {
                  "Material.js": 2264
                },
                "photoshop": {
                  "Photoshop.js": 3787,
                  "PhotoshopFields.js": 2904,
                  "PhotoshopPointerCircle.js": 563,
                  "PhotoshopPointer.js": 1134,
                  "PhotoshopButton.js": 725,
                  "PhotoshopPreviews.js": 1012
                },
                "sketch": {
                  "Sketch.js": 3106,
                  "SketchFields.js": 2074,
                  "SketchPresetColors.js": 1472
                },
                "slider": {
                  "Slider.js": 959,
                  "SliderSwatches.js": 1387,
                  "SliderSwatch.js": 749,
                  "SliderPointer.js": 499
                },
                "swatches": {
                  "Swatches.js": 2935,
                  "SwatchesGroup.js": 680,
                  "SwatchesColor.js": 1186
                },
                "twitter": {
                  "Twitter.js": 3018
                }
              },
              "helpers": {
                "alpha.js": 623,
                "checkboard.js": 529,
                "hue.js": 672,
                "saturation.js": 488,
                "color.js": 1170,
                "interaction.js": 1826
              }
            }
          },
          "reactcss": {
            "package.json": 80,
            "lib": {
              "index.js": 627,
              "flattenNames.js": 585,
              "mergeClasses.js": 647,
              "autoprefix.js": 1514,
              "components": {
                "hover.js": 1572,
                "active.js": 1574
              },
              "loop.js": 339
            }
          },
          "tinycolor2": {
            "package.json": 84,
            "tinycolor.js": 14626
          },
          "material-colors": {
            "package.json": 89,
            "dist": {
              "colors.js": 12892
            }
          },
          "@icons": {
            "material": {
              "UnfoldMoreHorizontalIcon.js": 889,
              "CheckIcon.js": 831
            }
          },
          "react-draggable": {
            "package.json": 132,
            "dist": {
              "react-draggable.js": 23385
            }
          },
          "reconnecting-websocket": {
            "package.json": 119,
            "dist": {
              "reconnecting-websocket-cjs.js": 8157
            }
          },
          "react-render-in-browser": {
            "package.json": 98,
            "dist": {
              "index.js": 7200
            }
          },
          "meteor-node-stubs": {
            "deps": {
              "constants.js": 38
            },
            "node_modules": {
              "constants-browserify": {
                "package.json": 94,
                "constants.json": 3404
              }
            },
            "package.json": 85,
            "index.js": 354,
            "map.json": 946
          },
          "@sentry": {
            "react": {
              "package.json": 87,
              "dist": {
                "index.js": 969,
                "profiler.js": 2728,
                "errorboundary.js": 1643,
                "redux.js": 655,
                "reactrouterv3.js": 1013,
                "reactrouter.js": 1396
              }
            },
            "browser": {
              "package.json": 89,
              "dist": {
                "index.js": 386,
                "exports.js": 1207,
                "client.js": 1067,
                "backend.js": 859,
                "eventbuilder.js": 1513,
                "parsers.js": 1213,
                "tracekit.js": 2601,
                "transports": {
                  "index.js": 213,
                  "base.js": 485,
                  "fetch.js": 1247,
                  "xhr.js": 1176
                },
                "helpers.js": 1785,
                "integrations": {
                  "index.js": 325,
                  "globalhandlers.js": 3345,
                  "trycatch.js": 3012,
                  "breadcrumbs.js": 3298,
                  "linkederrors.js": 960,
                  "useragent.js": 798
                },
                "version.js": 125,
                "sdk.js": 1166
              }
            },
            "types": {
              "package.json": 87,
              "dist": {
                "index.js": 189,
                "loglevel.js": 199,
                "severity.js": 525,
                "status.js": 404
              }
            },
            "core": {
              "package.json": 86,
              "dist": {
                "index.js": 995,
                "api.js": 1898,
                "baseclient.js": 5106,
                "integration.js": 1054,
                "basebackend.js": 821,
                "transports": {
                  "noop.js": 398
                },
                "request.js": 447,
                "sdk.js": 222,
                "integrations": {
                  "index.js": 193,
                  "functiontostring.js": 390,
                  "inboundfilters.js": 3256
                }
              }
            },
            "minimal": {
              "package.json": 89,
              "dist": {
                "index.js": 1486
              }
            },
            "hub": {
              "package.json": 85,
              "dist": {
                "index.js": 379,
                "scope.js": 5569,
                "hub.js": 4940
              }
            },
            "utils": {
              "package.json": 87,
              "dist": {
                "index.js": 630,
                "async.js": 131,
                "browser.js": 687,
                "is.js": 1299,
                "dsn.js": 1604,
                "error.js": 311,
                "polyfill.js": 252,
                "logger.js": 889,
                "misc.js": 3832,
                "node.js": 1140,
                "object.js": 3186,
                "memo.js": 587,
                "stacktrace.js": 182,
                "string.js": 755,
                "path.js": 1573,
                "promisebuffer.js": 968,
                "syncpromise.js": 1934,
                "supports.js": 1446,
                "instrument.js": 5371
              }
            }
          },
          "tslib": {
            "package.json": 74,
            "tslib.js": 6439
          },
          "hoist-non-react-statics": {
            "package.json": 118,
            "dist": {
              "hoist-non-react-statics.cjs.js": 982
            }
          },
          "process": {
            "package.json": 100,
            "browser.js": 752
          }
        }
      }
    ],
    "packages/modern-browsers.js": 35,
    "packages/babel-compiler.js": 34,
    "packages/ecmascript.js": 30,
    "packages/ecmascript-runtime.js": 38,
    "packages/babel-runtime.js": [
      1566,
      {
        "node_modules": {
          "meteor": {
            "babel-runtime": {
              "babel-runtime.js": 678,
              "node_modules": {
                "meteor-babel-helpers": {
                  "package.json": 88,
                  "index.js": 389
                }
              }
            }
          }
        }
      }
    ],
    "packages/promise.js": [
      1319,
      {
        "node_modules": {
          "meteor": {
            "promise": {
              "modern.js": 23,
              "client.js": 71,
              "extensions.js": 391,
              "node_modules": {
                "meteor-promise": {
                  "package.json": 119,
                  "promise_client.js": 266
                }
              }
            }
          }
        }
      }
    ],
    "packages/fetch.js": [
      406,
      {
        "node_modules": {
          "meteor": {
            "fetch": {
              "modern.js": 92
            }
          }
        }
      }
    ],
    "packages/dynamic-import.js": [
      4583,
      {
        "node_modules": {
          "meteor": {
            "dynamic-import": {
              "client.js": 1552,
              "cache.js": 1930,
              "common.js": 60,
              "dynamic-versions.js": 640
            }
          }
        }
      }
    ],
    "packages/es5-shim.js": 28,
    "packages/ecmascript-runtime-client.js": [
      13119,
      {
        "node_modules": {
          "meteor": {
            "ecmascript-runtime-client": {
              "modern.js": 683,
              "node_modules": {
                "core-js": {
                  "modules": {
                    "es7.object.get-own-property-descriptors.js": 279,
                    "_export.js": 530,
                    "_global.js": 184,
                    "_core.js": 76,
                    "_hide.js": 167,
                    "_object-dp.js": 334,
                    "_an-object.js": 121,
                    "_is-object.js": 94,
                    "_ie8-dom-define.js": 168,
                    "_descriptors.js": 123,
                    "_fails.js": 74,
                    "_dom-create.js": 147,
                    "_to-primitive.js": 342,
                    "_property-desc.js": 111,
                    "_redefine.js": 496,
                    "_has.js": 84,
                    "_uid.js": 129,
                    "_ctx.js": 303,
                    "_a-function.js": 113,
                    "_own-keys.js": 196,
                    "_object-gopn.js": 163,
                    "_object-keys-internal.js": 261,
                    "_to-iobject.js": 94,
                    "_iobject.js": 143,
                    "_cof.js": 86,
                    "_defined.js": 103,
                    "_array-includes.js": 291,
                    "_to-length.js": 113,
                    "_to-integer.js": 102,
                    "_to-absolute-index.js": 121,
                    "_shared-key.js": 107,
                    "_shared.js": 284,
                    "_library.js": 29,
                    "_enum-bug-keys.js": 133,
                    "_object-gops.js": 47,
                    "_object-gopd.js": 313,
                    "_object-pie.js": 42,
                    "_create-property.js": 134,
                    "es6.object.is.js": 73,
                    "_same-value.js": 94,
                    "es6.function.name.js": 215,
                    "es6.number.is-finite.js": 132,
                    "es6.number.is-nan.js": 84,
                    "es7.array.flatten.js": 336,
                    "_flatten-into-array.js": 409,
                    "_is-array.js": 94,
                    "_wks.js": 190,
                    "_to-object.js": 81,
                    "_array-species-create.js": 101,
                    "_array-species-constructor.js": 257,
                    "_add-to-unscopables.js": 134,
                    "es7.array.flat-map.js": 330,
                    "es7.object.values.js": 115,
                    "_object-to-array.js": 231,
                    "_object-keys.js": 127,
                    "es7.object.entries.js": 116,
                    "es7.string.pad-start.js": 237,
                    "_string-pad.js": 289,
                    "_string-repeat.js": 237,
                    "_user-agent.js": 78,
                    "es7.string.pad-end.js": 235
                  }
                }
              }
            }
          }
        }
      }
    ],
    "packages/base64.js": [
      1823,
      {
        "node_modules": {
          "meteor": {
            "base64": {
              "base64.js": 1454
            }
          }
        }
      }
    ],
    "packages/ejson.js": [
      6259,
      {
        "node_modules": {
          "meteor": {
            "ejson": {
              "ejson.js": 4958,
              "stringify.js": 901
            }
          }
        }
      }
    ],
    "packages/diff-sequence.js": [
      2886,
      {
        "node_modules": {
          "meteor": {
            "diff-sequence": {
              "diff.js": 2470
            }
          }
        }
      }
    ],
    "packages/geojson-utils.js": [
      5171,
      {
        "node_modules": {
          "meteor": {
            "geojson-utils": {
              "main.js": 48,
              "geojson-utils.js": 4784
            }
          }
        }
      }
    ],
    "packages/id-map.js": [
      1273,
      {
        "node_modules": {
          "meteor": {
            "id-map": {
              "id-map.js": 886
            }
          }
        }
      }
    ],
    "packages/random.js": [
      3577,
      {
        "node_modules": {
          "meteor": {
            "random": {
              "random.js": 3217
            }
          }
        }
      }
    ],
    "packages/mongo-id.js": [
      1773,
      {
        "node_modules": {
          "meteor": {
            "mongo-id": {
              "id.js": 1329
            }
          }
        }
      }
    ],
    "packages/ordered-dict.js": [
      3029,
      {
        "node_modules": {
          "meteor": {
            "ordered-dict": {
              "ordered_dict.js": 2623
            }
          }
        }
      }
    ],
    "packages/tracker.js": [
      4512,
      {
        "node_modules": {
          "meteor": {
            "tracker": {
              "tracker.js": 4135
            }
          }
        }
      }
    ],
    "packages/minimongo.js": [
      43224,
      {
        "node_modules": {
          "meteor": {
            "minimongo": {
              "minimongo_client.js": 48,
              "common.js": 12171,
              "cursor.js": 4588,
              "local_collection.js": 19643,
              "matcher.js": 2512,
              "minimongo_common.js": 208,
              "observe_handle.js": 52,
              "sorter.js": 3147
            }
          }
        }
      }
    ],
    "packages/check.js": [
      6140,
      {
        "node_modules": {
          "meteor": {
            "check": {
              "match.js": 5422,
              "isPlainObject.js": 308
            }
          }
        }
      }
    ],
    "packages/retry.js": [
      1090,
      {
        "node_modules": {
          "meteor": {
            "retry": {
              "retry.js": 708
            }
          }
        }
      }
    ],
    "packages/callback-hook.js": [
      1536,
      {
        "node_modules": {
          "meteor": {
            "callback-hook": {
              "hook.js": 1153
            }
          }
        }
      }
    ],
    "packages/ddp-common.js": [
      4597,
      {
        "node_modules": {
          "meteor": {
            "ddp-common": {
              "namespace.js": 16,
              "heartbeat.js": 1287,
              "utils.js": 1348,
              "method_invocation.js": 485,
              "random_stream.js": 635
            }
          }
        }
      }
    ],
    "packages/reload.js": [
      1896,
      {
        "node_modules": {
          "meteor": {
            "reload": {
              "reload.js": 1527
            }
          }
        }
      }
    ],
    "packages/socket-stream-client.js": [
      36896,
      {
        "node_modules": {
          "meteor": {
            "socket-stream-client": {
              "browser.js": 3031,
              "common.js": 2511,
              "sockjs-0.3.4.js": 30254,
              "urls.js": 694
            }
          }
        }
      }
    ],
    "packages/ddp-client.js": [
      22449,
      {
        "node_modules": {
          "meteor": {
            "ddp-client": {
              "client": {
                "client.js": 134,
                "client_convenience.js": 862
              },
              "common": {
                "MethodInvoker.js": 1144,
                "livedata_connection.js": 18540,
                "namespace.js": 933
              }
            }
          }
        }
      }
    ],
    "packages/ddp.js": 78,
    "packages/ddp-server.js": 30,
    "packages/allow-deny.js": [
      5811,
      {
        "node_modules": {
          "meteor": {
            "allow-deny": {
              "allow-deny.js": 5266
            }
          }
        }
      }
    ],
    "packages/mongo.js": [
      8993,
      {
        "node_modules": {
          "meteor": {
            "mongo": {
              "local_collection_driver.js": 360,
              "collection.js": 7835
            }
          }
        }
      }
    ],
    "packages/reactive-var.js": 818,
    "packages/standard-minifier-css.js": 41,
    "packages/standard-minifier-js.js": 40,
    "packages/shell-server.js": 32,
    "packages/static-html.js": 31,
    "packages/tmeasday_check-npm-versions.js": [
      14294,
      {
        "node_modules": {
          "meteor": {
            "tmeasday:check-npm-versions": {
              "check-npm-versions.js": 924,
              "node_modules": {
                "semver": {
                  "package.json": 75,
                  "semver.js": 12800
                }
              }
            }
          }
        }
      }
    ],
    "packages/react-meteor-data.js": [
      3796,
      {
        "node_modules": {
          "meteor": {
            "react-meteor-data": {
              "react-meteor-data.jsx": 329,
              "ReactMeteorData.jsx": 2481,
              "createContainer.jsx": 447
            }
          }
        }
      }
    ],
    "packages/url.js": [
      1064,
      {
        "node_modules": {
          "meteor": {
            "url": {
              "url_client.js": 152,
              "url_common.js": 605
            }
          }
        }
      }
    ],
    "packages/http.js": [
      3390,
      {
        "node_modules": {
          "meteor": {
            "http": {
              "httpcall_client.js": 2114,
              "httpcall_common.js": 932
            }
          }
        }
      }
    ],
    "packages/reactive-dict.js": [
      3920,
      {
        "node_modules": {
          "meteor": {
            "reactive-dict": {
              "migration.js": 774,
              "reactive-dict.js": 2649
            }
          }
        }
      }
    ],
    "packages/session.js": 241,
    "packages/nathantreid_css-modules.js": [
      484,
      {
        "node_modules": {
          "meteor": {
            "nathantreid:css-modules": {
              "package": {
                "main.js": 66
              }
            }
          }
        }
      }
    ],
    "packages/rocketchat_streamer.js": [
      4462,
      {
        "node_modules": {
          "meteor": {
            "rocketchat:streamer": {
              "lib": {
                "ev.js": 783
              },
              "client": {
                "client.js": 3053
              }
            }
          }
        }
      }
    ],
    "packages/deps.js": 111,
    "packages/cfs_reactive-property.js": 773,
    "packages/cfs_reactive-list.js": 2485,
    "packages/cfs_micro-queue.js": 1078,
    "packages/cfs_power-queue.js": 6315,
    "packages/webapp.js": [
      694,
      {
        "node_modules": {
          "meteor": {
            "webapp": {
              "webapp_client.js": 311
            }
          }
        }
      }
    ],
    "packages/livedata.js": 105,
    "packages/hot-code-push.js": 33,
    "packages/launch-screen.js": 787,
    "packages/autoupdate.js": [
      2410,
      {
        "node_modules": {
          "meteor": {
            "autoupdate": {
              "autoupdate_client.js": 1882
            }
          }
        }
      }
    ],
    "app/global-imports.js": [
      914,
      {}
    ],
    "app/app.js": [
      1979230,
      {
        "imports": {
          "ui": {
            "components": {
              "user-list": {
                "user-list-content": {
                  "user-participants": {
                    "user-list-item": {
                      "handraise-user-name": {
                        "component.jsx": 1546,
                        "styles.scss": 54,
                        "styles.scss.js": 6768
                      },
                      "user-dropdown": {
                        "component.jsx": 14680,
                        "styles.scss": 54,
                        "styles.scss.js": 21881
                      },
                      "user-handraise-dropdown": {
                        "component.jsx": 4208,
                        "styles.scss": 54,
                        "styles.scss.js": 22510
                      },
                      "user-icons": {
                        "component.jsx": 834,
                        "styles.scss": 54,
                        "styles.scss.js": 6437
                      },
                      "user-name": {
                        "component.jsx": 1546,
                        "styles.scss": 54,
                        "styles.scss.js": 6755
                      },
                      "component.jsx": 2315,
                      "container.jsx": 1439
                    },
                    "user-options": {
                      "component.jsx": 7388,
                      "container.jsx": 2076,
                      "styles.scss": 54,
                      "styles.scss.js": 1457
                    },
                    "component.jsx": 4606,
                    "container.jsx": 417
                  },
                  "breakout-room": {
                    "component.jsx": 1273
                  },
                  "user-captions": {
                    "component.jsx": 1755,
                    "container.jsx": 331
                  },
                  "user-messages": {
                    "component.jsx": 2414
                  },
                  "user-notes": {
                    "component.jsx": 2315,
                    "container.jsx": 773
                  },
                  "user-polls": {
                    "component.jsx": 1321
                  },
                  "waiting-users": {
                    "component.jsx": 1451
                  },
                  "component.jsx": 1906,
                  "container.jsx": 784,
                  "styles.scss": 54,
                  "styles.scss.js": 15633
                },
                "chat-list-item": {
                  "chat-avatar": {
                    "component.jsx": 444
                  },
                  "chat-icon": {
                    "component.jsx": 394,
                    "styles.scss": 54,
                    "styles.scss.js": 7990
                  },
                  "chat-unread-messages": {
                    "component.jsx": 917
                  },
                  "component.jsx": 2404,
                  "container.jsx": 348,
                  "styles.scss": 54,
                  "styles.scss.js": 11577
                },
                "captions-list-item": {
                  "component.jsx": 1205
                },
                "custom-logo": {
                  "component.jsx": 321,
                  "styles.scss": 54,
                  "styles.scss.js": 720
                },
                "user-menu": {
                  "component.jsx": 6695,
                  "container.jsx": 2076,
                  "styles.scss": 54,
                  "styles.scss.js": 2222
                },
                "component.jsx": 2588,
                "container.jsx": 1477,
                "service.js": 8065,
                "styles.scss": 54,
                "styles.scss.js": 5697,
                "usermenu.css": 60
              },
              "chat": {
                "message-list": {
                  "message-list-item": {
                    "message": {
                      "component.jsx": 1918
                    },
                    "component.jsx": 2292,
                    "styles.scss": 54,
                    "styles.scss.js": 3994
                  },
                  "component.jsx": 4076,
                  "container.jsx": 571,
                  "styles.scss": 54,
                  "styles.scss.js": 3209
                },
                "alert": {
                  "audio-alert": {
                    "component.jsx": 763
                  },
                  "push-alert": {
                    "component.jsx": 1084
                  },
                  "component.jsx": 3914,
                  "container.jsx": 855
                },
                "message-form": {
                  "typing-indicator": {
                    "component.jsx": 1735,
                    "container.jsx": 1067
                  },
                  "component.jsx": 5387,
                  "container.jsx": 727,
                  "styles.scss": 54,
                  "styles.scss.js": 8444
                },
                "shared-document": {
                  "upload-button": {
                    "component.jsx": 2685,
                    "styles.scss": 54,
                    "styles.scss.js": 3834
                  },
                  "component.jsx": 15027,
                  "container.jsx": 898,
                  "custom.css": 1107,
                  "service.js": 3420,
                  "styles.scss": 54,
                  "styles.scss.js": 8106
                },
                "chat-dropdown": {
                  "component.jsx": 2947
                },
                "chat.css": 2654,
                "component.jsx": 3092,
                "container.jsx": 2752,
                "service.js": 5540,
                "styles.scss": 54,
                "styles.scss.js": 4936
              },
              "chat-modal": {
                "message-list": {
                  "message-list-item": {
                    "message": {
                      "component.jsx": 1919
                    },
                    "component.jsx": 2292,
                    "styles.scss": 54,
                    "styles.scss.js": 4005
                  },
                  "component.jsx": 4076,
                  "container.jsx": 571,
                  "styles.scss": 54,
                  "styles.scss.js": 3303
                },
                "message-form": {
                  "typing-indicator": {
                    "component.jsx": 1735,
                    "container.jsx": 1067
                  },
                  "component.jsx": 5375,
                  "container.jsx": 727,
                  "styles.scss": 54,
                  "styles.scss.js": 8480
                },
                "chat-dropdown": {
                  "component.jsx": 2947
                },
                "chat.css": 3550,
                "component.jsx": 3711,
                "container.jsx": 2659,
                "service.js": 5540,
                "styles.scss": 54,
                "styles.scss.js": 4944
              },
              "presentation": {
                "presentation-slidebar": {
                  "zoom-tool": {
                    "holdButton": {
                      "component.jsx": 1724
                    },
                    "component.jsx": 4555
                  },
                  "component.jsx": 6018,
                  "container.jsx": 1073,
                  "service.js": 653,
                  "styles.scss": 54,
                  "styles.scss.js": 8956
                },
                "presentation-toolbar": {
                  "zoom-tool": {
                    "holdButton": {
                      "component.jsx": 1724
                    },
                    "component.jsx": 4555
                  },
                  "component.jsx": 7628,
                  "container.jsx": 1077,
                  "service.js": 653,
                  "styles.scss": 54,
                  "styles.scss.js": 7658
                },
                "cursor": {
                  "cursor-wrapper-container": {
                    "container.jsx": 1128,
                    "service.js": 868
                  },
                  "component.jsx": 3809,
                  "container.jsx": 1189,
                  "service.js": 352
                },
                "default-content": {
                  "component.jsx": 891,
                  "styles.scss": 54,
                  "styles.scss.js": 1374
                },
                "download-presentation-button": {
                  "component.jsx": 915,
                  "styles.scss": 54,
                  "styles.scss.js": 1396
                },
                "presentation-close-button": {
                  "component.jsx": 639,
                  "styles.scss": 54,
                  "styles.scss.js": 395
                },
                "presentation-overlay": {
                  "component.jsx": 8997,
                  "container.jsx": 672
                },
                "presentation-uploader": {
                  "component.jsx": 14815,
                  "container.jsx": 793,
                  "service.js": 3420,
                  "styles.scss": 54,
                  "styles.scss.js": 7916
                },
                "resize-wrapper": {
                  "component.jsx": 303
                },
                "slide": {
                  "component.jsx": 542
                },
                "component.jsx": 11056,
                "container.jsx": 1975,
                "service.js": 2842,
                "styles.scss": 54,
                "styles.scss.js": 10509
              },
              "private-chat": {
                "message-list": {
                  "message-list-item": {
                    "message": {
                      "component.jsx": 1918
                    },
                    "component.jsx": 2292,
                    "styles.scss": 54,
                    "styles.scss.js": 3969
                  },
                  "component.jsx": 4076,
                  "container.jsx": 571,
                  "styles.scss": 54,
                  "styles.scss.js": 3283
                },
                "message-form": {
                  "typing-indicator": {
                    "component.jsx": 1735,
                    "container.jsx": 1074
                  },
                  "component.jsx": 5375,
                  "container.jsx": 727,
                  "styles.scss": 54,
                  "styles.scss.js": 8482
                },
                "chat-dropdown": {
                  "component.jsx": 2947
                },
                "component.jsx": 3749,
                "container.jsx": 2705,
                "privatechat.css": 3643,
                "service.js": 5582,
                "styles.scss": 54,
                "styles.scss.js": 4945
              },
              "video-provider": {
                "video-list": {
                  "video-list-item": {
                    "video-list-item-stats": {
                      "component.jsx": 2881
                    },
                    "audio-component.jsx": 8121,
                    "component.jsx": 7638,
                    "container.jsx": 890
                  },
                  "component.jsx": 8621,
                  "styles.scss": 54,
                  "styles.scss.js": 12462
                },
                "video-list-bottom": {
                  "video-list-item": {
                    "video-list-item-stats": {
                      "component.jsx": 2881
                    },
                    "audio-component.jsx": 8009,
                    "component.jsx": 7526,
                    "container.jsx": 1132
                  },
                  "component.jsx": 8618,
                  "styles.scss": 54,
                  "styles.scss.js": 13263
                },
                "video-list-middle": {
                  "video-list-item": {
                    "video-list-item-stats": {
                      "component.jsx": 2881
                    },
                    "audio-component.jsx": 8936,
                    "component.jsx": 8326,
                    "container.jsx": 1172
                  },
                  "component.jsx": 8629,
                  "styles.scss": 54,
                  "styles.scss.js": 14952
                },
                "video-list-normal": {
                  "video-list-item": {
                    "video-list-item-stats": {
                      "component.jsx": 2881
                    },
                    "audio-component.jsx": 8697,
                    "component.jsx": 7638,
                    "container.jsx": 926
                  },
                  "component.jsx": 8042,
                  "styles.scss": 54,
                  "styles.scss.js": 13560
                },
                "video-list-top": {
                  "video-list-item": {
                    "video-list-item-stats": {
                      "component.jsx": 2881
                    },
                    "audio-component.jsx": 8795,
                    "component.jsx": 8326,
                    "container.jsx": 1017,
                    "court-component.jsx": 6641
                  },
                  "component.jsx": 9523,
                  "styles.scss": 54,
                  "styles.scss.js": 14471
                },
                "many-users-notify": {
                  "component.jsx": 1923,
                  "container.jsx": 1217,
                  "styles.scss": 54,
                  "styles.scss.js": 29280
                },
                "video-button": {
                  "component.jsx": 1506,
                  "container.jsx": 1428,
                  "service.js": 764,
                  "styles.scss": 54,
                  "styles.scss.js": 12454
                },
                "component.jsx": 30193,
                "container.jsx": 1432,
                "service.js": 4457,
                "styles.scss": 54,
                "styles.scss.js": 110
              },
              "actions-bar": {
                "captions": {
                  "reader-menu": {
                    "component.jsx": 7577,
                    "container.jsx": 556,
                    "styles.scss": 54,
                    "styles.scss.js": 10503
                  },
                  "component.jsx": 980,
                  "container.jsx": 621
                },
                "create-breakout-room": {
                  "sort-user-list": {
                    "component.jsx": 2162
                  },
                  "breakoutroom.css": 411,
                  "component.jsx": 15484,
                  "container.jsx": 417,
                  "styles.scss": 54,
                  "styles.scss.js": 12820
                },
                "action-break-out-room": {
                  "component.jsx": 2305
                },
                "action-caption-closed": {
                  "component.jsx": 1229
                },
                "action-data-settings": {
                  "component.jsx": 1064
                },
                "action-external-video": {
                  "component.jsx": 2395
                },
                "action-lock-viewers": {
                  "component.jsx": 1201
                },
                "action-logout": {
                  "button.css": 1030,
                  "component.jsx": 1548
                },
                "action-raise-hand": {
                  "component.jsx": 1099
                },
                "action-record": {
                  "component.jsx": 774
                },
                "action-settings": {
                  "component.jsx": 1817
                },
                "action-streaming": {
                  "component.jsx": 1445
                },
                "desktop-share": {
                  "component.jsx": 5273
                },
                "emoji-dropdown": {
                  "component.jsx": 5337,
                  "container.jsx": 678
                },
                "end-meeting": {
                  "button.css": 1023,
                  "component.jsx": 1581
                },
                "presentation-options": {
                  "component.jsx": 1180
                },
                "quick-poll-dropdown": {
                  "component.jsx": 2458
                },
                "component.jsx": 7106,
                "container.jsx": 2846,
                "service.js": 1705,
                "styles.scss": 54,
                "styles.scss.js": 11564
              },
              "dropdown": {
                "Iconlist": {
                  "item": {
                    "component.jsx": 1846,
                    "styles.scss": 54,
                    "styles.scss.js": 2945
                  },
                  "separator": {
                    "component.jsx": 406
                  },
                  "title": {
                    "component.jsx": 531
                  },
                  "component.jsx": 2773,
                  "styles.scss": 54,
                  "styles.scss.js": 7059
                },
                "list": {
                  "item": {
                    "component.jsx": 1380
                  },
                  "separator": {
                    "component.jsx": 404
                  },
                  "title": {
                    "component.jsx": 529
                  },
                  "component.jsx": 2772,
                  "styles.scss": 54,
                  "styles.scss.js": 7249
                },
                "content": {
                  "component.jsx": 1175
                },
                "trigger": {
                  "component.jsx": 1356
                },
                "component.jsx": 3690,
                "styles.scss": 54,
                "styles.scss.js": 17781
              },
              "settings": {
                "submenus": {
                  "application": {
                    "component.jsx": 8854
                  },
                  "base": {
                    "component.jsx": 354
                  },
                  "data-saving": {
                    "component.jsx": 2487
                  },
                  "styles.scss": 54,
                  "styles.scss.js": 6859
                },
                "component.jsx": 5201,
                "container.jsx": 522,
                "service.js": 553,
                "styles.scss": 54,
                "styles.scss.js": 2698
              },
              "whiteboard": {
                "annotation-factory": {
                  "reactive-annotation": {
                    "component.jsx": 543,
                    "container.jsx": 1372,
                    "service.js": 163
                  },
                  "static-annotation": {
                    "component.jsx": 658,
                    "service.js": 163
                  },
                  "component.jsx": 1915
                },
                "annotations": {
                  "ellipse": {
                    "component.jsx": 1050
                  },
                  "line": {
                    "component.jsx": 988
                  },
                  "pencil": {
                    "component.jsx": 2643
                  },
                  "poll": {
                    "component.jsx": 6992,
                    "styles.scss": 54,
                    "styles.scss.js": 464
                  },
                  "rectangle": {
                    "component.jsx": 1056
                  },
                  "text": {
                    "component.jsx": 3735,
                    "container.jsx": 507,
                    "service.js": 817
                  },
                  "triangle": {
                    "component.jsx": 1062
                  },
                  "helpers.js": 255
                },
                "whiteboard-overlay": {
                  "cursor-listener": {
                    "component.jsx": 3219
                  },
                  "pencil-draw-listener": {
                    "component.jsx": 4869
                  },
                  "shape-draw-listener": {
                    "component.jsx": 5521
                  },
                  "text-draw-listener": {
                    "component.jsx": 7911
                  },
                  "component.jsx": 3955,
                  "container.jsx": 1082,
                  "service.js": 1143
                },
                "whiteboard-toolbar": {
                  "toolbar-menu-item": {
                    "component.jsx": 2023
                  },
                  "toolbar-submenu": {
                    "component.jsx": 6457
                  },
                  "toolbar-submenu-item": {
                    "component.jsx": 1568
                  },
                  "component.jsx": 15373,
                  "container.jsx": 858,
                  "service.js": 1877,
                  "styles.scss": 54,
                  "styles.scss.js": 8223
                },
                "annotation-group": {
                  "component.jsx": 573,
                  "container.jsx": 728,
                  "service.js": 253
                },
                "service.js": 3509
              },
              "audio": {
                "audio-controls": {
                  "component.jsx": 2495,
                  "container.jsx": 1806,
                  "styles.scss": 54,
                  "styles.scss.js": 13298
                },
                "audio-dial": {
                  "component.jsx": 1387,
                  "styles.scss": 54,
                  "styles.scss.js": 1122
                },
                "audio-modal": {
                  "component.jsx": 10524,
                  "container.jsx": 2807,
                  "styles.scss": 54,
                  "styles.scss.js": 12053
                },
                "audio-settings": {
                  "component.jsx": 3779,
                  "styles.scss": 54,
                  "styles.scss.js": 6175
                },
                "audio-test": {
                  "component.jsx": 911,
                  "container.jsx": 518,
                  "styles.scss": 54,
                  "styles.scss.js": 1062
                },
                "autoplay": {
                  "component.jsx": 984,
                  "styles.scss": 54,
                  "styles.scss.js": 602
                },
                "device-selector": {
                  "component.jsx": 2138,
                  "styles.scss": 54,
                  "styles.scss.js": 6730
                },
                "echo-test": {
                  "component.jsx": 1905,
                  "styles.scss": 54,
                  "styles.scss.js": 1447
                },
                "help": {
                  "component.jsx": 1251,
                  "styles.scss": 54,
                  "styles.scss.js": 1142
                },
                "permissions-overlay": {
                  "component.jsx": 836,
                  "styles.scss": 54,
                  "styles.scss.js": 4965
                },
                "container.jsx": 3703,
                "service.js": 2127
              },
              "breakout-room": {
                "breakout-remaining-time": {
                  "component.jsx": 128,
                  "container.jsx": 2046
                },
                "invitation": {
                  "component.jsx": 1654,
                  "container.jsx": 805
                },
                "component.jsx": 5947,
                "container.jsx": 1052,
                "service.js": 1986,
                "styles.scss": 54,
                "styles.scss.js": 28656
              },
              "button": {
                "base": {
                  "component.jsx": 3522
                },
                "component.jsx": 2605,
                "styles.scss": 54,
                "styles.scss.js": 14637
              },
              "captions": {
                "pad": {
                  "component.jsx": 4634,
                  "container.jsx": 712,
                  "service.js": 774,
                  "styles.scss": 54,
                  "styles.scss.js": 4745
                },
                "writer-menu": {
                  "component.jsx": 3126,
                  "container.jsx": 504,
                  "styles.scss": 54,
                  "styles.scss.js": 10242
                },
                "component.jsx": 1665,
                "container.jsx": 345,
                "service.js": 2554
              },
              "external-video-player": {
                "custom-players": {
                  "arc-player.jsx": 2583
                },
                "modal": {
                  "component.jsx": 2698,
                  "container.jsx": 457,
                  "styles.scss": 54,
                  "styles.scss.js": 11370
                },
                "component.jsx": 7289,
                "container.jsx": 531,
                "service.js": 1119,
                "styles.scss": 54,
                "styles.scss.js": 2757
              },
              "fallback-errors": {
                "fallback-presentation": {
                  "component.jsx": 1142,
                  "styles.scss": 54,
                  "styles.scss.js": 2592
                }
              },
              "left-panel-manager": {
                "enquiry": {
                  "component.jsx": 3621,
                  "style.css": 2635
                },
                "panel-breakout": {
                  "component.jsx": 2465
                },
                "waiting-room": {
                  "component.jsx": 6377,
                  "style.css": 5849
                },
                "component.jsx": 26050,
                "tab.css": 6799
              },
              "lock-viewers": {
                "context": {
                  "consumer.jsx": 305,
                  "container.jsx": 919,
                  "context.js": 433,
                  "provider.jsx": 179,
                  "withContext.jsx": 298
                },
                "notify": {
                  "component.jsx": 2480,
                  "container.jsx": 410
                },
                "component.jsx": 8244,
                "container.jsx": 675,
                "service.js": 230,
                "styles.scss": 54,
                "styles.scss.js": 12217
              },
              "media": {
                "autoplay-overlay": {
                  "component.jsx": 1063,
                  "styles.scss": 54,
                  "styles.scss.js": 1072
                },
                "webcam-draggable-overlay": {
                  "component.jsx": 9139,
                  "context.jsx": 2256
                },
                "component.jsx": 1861,
                "container.jsx": 4387,
                "service.js": 1728,
                "styles.scss": 54,
                "styles.scss.js": 3656
              },
              "meeting-ended": {
                "rating": {
                  "component.jsx": 1406,
                  "styles.scss": 54,
                  "styles.scss.js": 2024
                },
                "component.jsx": 4248,
                "styles.scss": 54,
                "styles.scss.js": 1864
              },
              "modal": {
                "base": {
                  "component.jsx": 1281,
                  "styles.scss": 54,
                  "styles.scss.js": 2375
                },
                "fullscreen": {
                  "component.jsx": 3054,
                  "styles.scss": 54,
                  "styles.scss.js": 4253
                },
                "fullscreenbase": {
                  "component.jsx": 1281,
                  "styles.scss": 54,
                  "styles.scss.js": 2389
                },
                "remove-user": {
                  "component.jsx": 1684,
                  "styles.scss": 54,
                  "styles.scss.js": 17888
                },
                "simple": {
                  "component.jsx": 2072,
                  "styles.scss": 54,
                  "styles.scss.js": 5977
                },
                "container.jsx": 210,
                "service.js": 582
              },
              "nav-bar": {
                "recording-indicator": {
                  "component.jsx": 4190,
                  "container.jsx": 1031,
                  "styles.scss": 54,
                  "styles.scss.js": 7312
                },
                "settings-dropdown": {
                  "component.jsx": 9584,
                  "container.jsx": 881
                },
                "talking-indicator": {
                  "component.jsx": 1594,
                  "container.jsx": 1036,
                  "service.js": 157,
                  "styles.scss": 54,
                  "styles.scss.js": 110
                },
                "component.jsx": 2945,
                "container.jsx": 1654,
                "service.js": 600,
                "styles.scss": 54,
                "styles.scss.js": 3417
              },
              "poll": {
                "live-result": {
                  "component.jsx": 3679,
                  "service.js": 491,
                  "styles.scss": 54,
                  "styles.scss.js": 4565
                },
                "component.jsx": 7159,
                "container.jsx": 1152,
                "service.js": 1123,
                "styles.scss": 54,
                "styles.scss.js": 10171
              },
              "sub-header": {
                "recording-indicator": {
                  "component.jsx": 4190,
                  "container.jsx": 1031,
                  "styles.scss": 54,
                  "styles.scss.js": 6105
                },
                "talking-indicator": {
                  "component.jsx": 1636,
                  "container.jsx": 1117,
                  "service.js": 349,
                  "styles.scss": 54,
                  "styles.scss.js": 6874
                },
                "component.jsx": 1742,
                "container.jsx": 1284,
                "service.js": 600,
                "styles.scss": 54,
                "styles.scss.js": 2271,
                "subheader.css": 467
              },
              "toast": {
                "inject-notify": {
                  "component.jsx": 301
                },
                "component.jsx": 1135,
                "container.jsx": 563,
                "styles.scss": 54,
                "styles.scss.js": 6606
              },
              "waiting-users": {
                "alert": {
                  "component.jsx": 1329,
                  "container.jsx": 827,
                  "styles.scss": 54,
                  "styles.scss.js": 399
                },
                "component.jsx": 4187,
                "container.jsx": 720,
                "service.js": 206,
                "styles.scss": 54,
                "styles.scss.js": 6233
              },
              "about": {
                "component.jsx": 1173,
                "container.jsx": 362
              },
              "activity-check": {
                "component.jsx": 2189,
                "container.jsx": 202,
                "styles.scss": 54,
                "styles.scss.js": 687
              },
              "app": {
                "component.jsx": 9481,
                "container.jsx": 3565,
                "service.js": 1866,
                "styles.scss": 54,
                "styles.scss.js": 12321
              },
              "authenticated-handler": {
                "component.jsx": 1514
              },
              "banner-bar": {
                "component.jsx": 438,
                "container.jsx": 270,
                "styles.scss": 54,
                "styles.scss.js": 559
              },
              "breakout-join-confirmation": {
                "component.jsx": 3358,
                "container.jsx": 963,
                "styles.scss": 54,
                "styles.scss.js": 1013
              },
              "checkbox": {
                "component.jsx": 1853,
                "styles.scss": 54,
                "styles.scss.js": 798
              },
              "cursor": {
                "service.js": 1050
              },
              "document": {
                "component.jsx": 6875,
                "documentStyle.css": 2469,
                "service.js": 150,
                "styles.scss": 54,
                "styles.scss.js": 9010,
                "tooltip.css": 665
              },
              "end-meeting-confirmation": {
                "component.jsx": 2773,
                "container.jsx": 886,
                "modal.css": 8934,
                "styles.scss": 54,
                "styles.scss.js": 10532
              },
              "error-boundary": {
                "component.jsx": 579
              },
              "error-screen": {
                "component.jsx": 1507,
                "styles.scss": 54,
                "styles.scss.js": 2617
              },
              "fullscreen-button": {
                "component.jsx": 1354,
                "container.jsx": 449,
                "service.js": 968,
                "styles.scss": 54,
                "styles.scss.js": 1801
              },
              "header": {
                "component.jsx": 6435,
                "container.jsx": 620,
                "waveheader.css": 2922
              },
              "icon": {
                "component.jsx": 717
              },
              "invite": {
                "component.jsx": 9579,
                "container.jsx": 483,
                "invitedropdown.css": 1179,
                "service.js": 366
              },
              "join-handler": {
                "component.jsx": 2945
              },
              "loading-screen": {
                "component.jsx": 503,
                "styles.scss": 54,
                "styles.scss.js": 2100
              },
              "note": {
                "component.jsx": 1210,
                "container.jsx": 446,
                "service.js": 1719,
                "styles.scss": 54,
                "styles.scss.js": 4693
              },
              "notifications-bar": {
                "component.jsx": 638,
                "container.jsx": 4860,
                "styles.scss": 54,
                "styles.scss.js": 1996
              },
              "panel-manager": {
                "component.jsx": 6484
              },
              "ping-pong": {
                "container.jsx": 411
              },
              "polling": {
                "component.jsx": 2240,
                "container.jsx": 1001,
                "service.js": 457,
                "styles.scss": 54,
                "styles.scss.js": 3632
              },
              "presentation-pod": {
                "component.jsx": 504,
                "container.jsx": 953,
                "service.js": 274
              },
              "recording": {
                "component.jsx": 2155,
                "container.jsx": 722,
                "styles.scss": 54,
                "styles.scss.js": 9461
              },
              "screenshare": {
                "component.jsx": 4295,
                "container.jsx": 938,
                "service.js": 1567,
                "styles.scss": 54,
                "styles.scss.js": 13383
              },
              "shortcut-help": {
                "component.jsx": 4179,
                "service.jsx": 857,
                "styles.scss": 54,
                "styles.scss.js": 1142
              },
              "slow-connection": {
                "component.jsx": 742,
                "styles.scss": 54,
                "styles.scss.js": 1534
              },
              "subscriptions": {
                "component.jsx": 2655
              },
              "switch": {
                "component.jsx": 1930,
                "styles.scss": 54,
                "styles.scss.js": 2699
              },
              "tooltip": {
                "component.jsx": 2656
              },
              "user-avatar": {
                "component.jsx": 1001,
                "styles.scss": 54,
                "styles.scss.js": 9195
              },
              "user-info": {
                "component.jsx": 1213,
                "container.jsx": 202,
                "service.js": 150,
                "styles.scss": 54,
                "styles.scss.js": 803
              },
              "username-change": {
                "component.jsx": 4036,
                "service.jsx": 857,
                "styles.scss": 54,
                "styles.scss.js": 931
              },
              "video-preview": {
                "component.jsx": 10440,
                "container.jsx": 1488,
                "service.js": 186,
                "styles.scss": 54,
                "styles.scss.js": 12262
              },
              "video-streaming": {
                "component.jsx": 14472,
                "container.jsx": 981,
                "service.js": 3275,
                "styles.scss": 54,
                "styles.scss.js": 14841
              }
            },
            "services": {
              "api": {
                "index.js": 732
              },
              "audio-manager": {
                "error-codes.js": 97,
                "index.js": 10082
              },
              "auth": {
                "index.js": 4488
              },
              "network-information": {
                "index.js": 3628
              },
              "notification": {
                "index.js": 958
              },
              "settings": {
                "index.js": 1143
              },
              "storage": {
                "reactive.js": 1140,
                "session.js": 131
              },
              "unread-messages": {
                "index.js": 1272
              },
              "users-settings": {
                "index.js": 281
              }
            },
            "extConfig": {
              "extConfig.js": 211
            }
          },
          "api": {
            "audio": {
              "client": {
                "bridge": {
                  "base.js": 781,
                  "kurento.js": 4761,
                  "sip.js": 10718
                }
              }
            },
            "screenshare": {
              "client": {
                "bridge": {
                  "index.js": 95,
                  "kurento.js": 3952,
                  "service.js": 1724
                }
              },
              "index.js": 170
            },
            "voice-call-states": {
              "utils": {
                "callStates.js": 155
              },
              "index.js": 183
            },
            "annotations": {
              "addAnnotation.js": 1492,
              "index.js": 219
            },
            "breakouts": {
              "index.js": 207
            },
            "captions": {
              "index.js": 175
            },
            "external-videos": {
              "index.js": 260
            },
            "grid": {
              "index.js": 172
            },
            "group-chat": {
              "index.js": 309
            },
            "group-chat-msg": {
              "index.js": 296
            },
            "guest-users": {
              "index.js": 166
            },
            "local-settings": {
              "index.js": 182
            },
            "meetings": {
              "index.js": 380
            },
            "network-information": {
              "index.js": 178
            },
            "note": {
              "index.js": 172
            },
            "ping-pong": {
              "index.js": 126
            },
            "polls": {
              "index.js": 164
            },
            "presentation-pods": {
              "index.js": 184
            },
            "presentation-upload-token": {
              "index.js": 93
            },
            "presentations": {
              "index.js": 185
            },
            "slides": {
              "index.js": 326
            },
            "users": {
              "index.js": 173
            },
            "users-infos": {
              "index.js": 179
            },
            "users-settings": {
              "index.js": 182
            },
            "video-streams": {
              "index.js": 172
            },
            "voice-users": {
              "index.js": 205
            },
            "whiteboard-multi-user": {
              "index.js": 180
            }
          },
          "startup": {
            "client": {
              "base.jsx": 6756,
              "intl.jsx": 5256,
              "logger.js": 1680
            }
          },
          "utils": {
            "deviceInfo.js": 213,
            "fetchStunTurnServers.js": 1124,
            "hexInt.js": 269,
            "humanizeSeconds.js": 131,
            "ios-webview-audio-polyfills.js": 1820,
            "keyCodes.js": 350,
            "logoutRouteHandler.js": 308,
            "mediaElementPlayRetry.js": 311,
            "participantsTypeList.js": 689,
            "safari-webrtc.js": 1496,
            "sdpUtils.js": 4525,
            "slideCalcUtils.js": 630,
            "statuses.js": 254,
            "visibilityEvent.js": 1366
          }
        },
        "client": {
          "main.jsx": 1058
        }
      }
    ]
  }
}
