{
  "format": "site-archive-pre1",
  "builtBy": "Meteor METEOR@1.8",
  "programs": [
    {
      "name": "web.browser",
      "arch": "web.browser",
      "path": "programs/web.browser/program.json"
    },
    {
      "name": "web.browser.legacy",
      "arch": "web.browser.legacy",
      "path": "programs/web.browser.legacy/program.json"
    },
    {
      "name": "server",
      "arch": "os",
      "path": "programs/server/boot.js"
    }
  ],
  "meteorRelease": "METEOR@1.8",
  "nodeVersion": "8.11.4",
  "npmVersion": "6.4.1"
}